0	1	1	25.2788
0	11732	2	24.3133
0	20570	3	22.1447
0	15004	4	20.7449
0	19614	5	20.628
0	7648	6	20.3593
0	6240	7	20.3035
0	1808	8	19.9429
0	9684	9	19.8183
0	17399	10	19.6797
1	10577	1	29.9556
1	13520	2	29.1829
1	460	3	27.5749
1	3824	4	26.5571
1	5760	5	25.0408
1	11388	6	24.9842
1	3256	7	24.9655
1	13609	8	24.7752
1	24053	9	24.7657
1	7091	10	24.7266
2	5268	1	28.4065
2	6283	2	27.0398
2	12889	3	26.5795
2	4167	4	25.902
2	21087	5	25.8894
2	8966	6	25.827
2	23849	7	25.6823
2	13113	8	24.7007
2	11942	9	24.689
2	6229	10	24.5757
3	13270	1	34.2006
3	21669	2	33.2358
3	91	3	32.6949
3	759	4	30.9903
3	6204	5	30.8929
3	22776	6	29.9725
3	16572	7	29.5964
3	16686	8	29.4415
3	3377	9	29.2592
3	18856	10	28.785
4	120	1	28.2971
4	17508	2	27.4765
4	23653	3	27.4702
4	121	4	27.4329
4	19308	5	25.7891
4	13925	6	25.3021
4	833	7	24.8764
4	1408	8	24.1242
4	14368	9	23.9537
4	3283	10	23.6865
5	4826	1	29.6487
5	1747	2	29.5999
5	152	3	27.401
5	150	4	27.0589
5	2299	5	26.796
5	6510	6	26.3937
5	7396	7	25.9792
5	16405	8	25.8601
5	24241	9	25.4293
5	2924	10	25.1495
6	11539	1	34.3111
6	5374	2	30.7968
6	17649	3	30.5364
6	5450	4	29.7425
6	11147	5	29.2715
6	1991	6	29.194
6	2715	7	28.8545
6	10723	8	28.719
6	987	9	28.684
6	7744	10	28.458
7	14694	1	33.2089
7	10920	2	32.0542
7	23874	3	31.4146
7	2435	4	30.9716
7	22360	5	30.7858
7	11970	6	30.1648
7	8498	7	29.9115
7	17966	8	29.8433
7	17586	9	29.8324
7	20660	10	29.7443
8	13617	1	30.3942
8	23437	2	30.2806
8	22665	3	29.7659
8	12869	4	29.7159
8	4508	5	29.4074
8	21105	6	29.3299
8	18970	7	29.1356
8	12519	8	29.1152
8	2993	9	28.9591
8	238	10	28.8701
9	14920	1	28.7213
9	5098	2	26.0311
9	7018	3	25.8288
9	10123	4	25.8183
9	15452	5	24.873
9	12504	6	24.7606
9	23289	7	24.5154
9	6018	8	24.3917
9	8027	9	24.221
9	13617	10	23.7467
10	299	1	37.6879
10	14341	2	36.9184
10	23589	3	34.0356
10	301	4	33.1449
10	6029	5	32.6761
10	3333	6	30.1413
10	474	7	28.864
10	17205	8	28.7911
10	18473	9	28.6272
10	20149	10	28.0994
11	2190	1	32.0529
11	4383	2	28.3808
11	12306	3	28.0717
11	23994	4	27.3581
11	23387	5	27.1054
11	5466	6	26.9896
11	23400	7	26.7712
11	21626	8	26.6638
11	10293	9	26.6183
11	7712	10	26.4609
12	14343	1	30.2098
12	9017	2	29.2512
12	4129	3	28.8016
12	17957	4	28.6851
12	2423	5	28.3846
12	361	6	28.2541
12	1088	7	28.0012
12	15795	8	27.9253
12	5180	9	27.7115
12	7465	10	27.4774
13	389	1	33.1801
13	21250	2	31.3894
13	9127	3	29.4681
13	24036	4	29.4586
13	18783	5	29.4097
13	23292	6	28.275
13	17779	7	27.9518
13	25542	8	27.0343
13	8019	9	26.9629
13	17328	10	26.8422
14	11654	1	27.6316
14	23430	2	26.672
14	2660	3	25.6178
14	101	4	25.5394
14	21426	5	25.5373
14	18942	6	25.2358
14	2367	7	24.8
14	18005	8	24.7685
14	21202	9	24.4055
14	6218	10	24.3803
15	8874	1	39.9406
15	16720	2	32.1556
15	12782	3	30.0007
15	8748	4	28.4534
15	15536	5	28.0832
15	5381	6	25.759
15	9364	7	24.7796
15	12044	8	24.5991
15	14283	9	24.2448
15	16102	10	24.2016
16	4504	1	29.7589
16	14931	2	29.4627
16	21856	3	29.4421
16	11681	4	29.3067
16	479	5	28.4857
16	6825	6	28.4689
16	17188	7	28.4404
16	52	8	27.9558
16	10597	9	27.7754
16	4766	10	27.7271
17	3536	1	32.6508
17	8235	2	32.5437
17	508	3	32.4536
17	8689	4	30.6585
17	21364	5	29.7991
17	18584	6	28.9335
17	22165	7	28.8706
17	21605	8	28.3969
17	5298	9	28.1515
17	5931	10	27.9826
18	17906	1	32.3539
18	665	2	32.0993
18	15703	3	31.8781
18	10567	4	31.4908
18	17151	5	31.3164
18	537	6	31.2611
18	18468	7	30.9681
18	5069	8	30.3876
18	1087	9	30.2951
18	8463	10	30.2484
19	20340	1	30.3927
19	2616	2	29.1539
19	15453	3	28.6983
19	3527	4	27.1135
19	571	5	26.8
19	909	6	26.4674
19	9475	7	25.9046
19	570	8	25.8513
19	20730	9	25.8305
19	13287	10	25.5802
20	11745	1	30.3997
20	18282	2	30.3926
20	22045	3	29.8114
20	5276	4	28.5099
20	16174	5	27.3752
20	12802	6	26.9942
20	16467	7	26.882
20	9339	8	26.4785
20	12251	9	26.4374
20	20305	10	26.3703
21	628	1	25.1066
21	4714	2	24.2867
21	3049	3	24.1769
21	17907	4	23.5921
21	6379	5	22.9113
21	2108	6	22.7891
21	19016	7	22.735
21	22239	8	22.7288
21	7751	9	22.6837
21	3303	10	22.5809
22	24146	1	34.1314
22	2044	2	33.763
22	6797	3	33.2478
22	21968	4	32.6911
22	9314	5	32.414
22	21000	6	31.7788
22	24370	7	31.3849
22	262	8	31.2653
22	24071	9	31.1592
22	1408	10	30.245
23	24288	1	35.5622
23	20565	2	30.8822
23	21901	3	26.6928
23	687	4	26.3606
23	15377	5	25.6846
23	2965	6	25.2839
23	19792	7	25.1363
23	16574	8	25.0075
23	9171	9	24.8921
23	16506	10	24.7305
24	9749	1	23.0903
24	22821	2	23.032
24	25602	3	22.5134
24	3409	4	22.1376
24	5422	5	21.8565
24	14122	6	21.8258
24	22112	7	21.4964
24	23454	8	21.2288
24	3408	9	21.135
24	1116	10	20.7956
25	25325	1	31.7621
25	4291	2	30.3772
25	748	3	29.3653
25	15009	4	28.7517
25	22306	5	28.6189
25	927	6	28.43
25	1193	7	28.3364
25	23098	8	28.3245
25	6620	9	27.6678
25	5285	10	27.606
26	11539	1	34.1333
26	17458	2	32.0884
26	1991	3	31.3505
26	23491	4	30.948
26	984	5	30.9419
26	18354	6	30.9227
26	5374	7	30.7779
26	1882	8	29.9265
26	12082	9	29.8721
26	9882	10	29.4787
27	22235	1	32.1982
27	12533	2	32.1121
27	24461	3	31.3717
27	1981	4	30.7247
27	7379	5	30.5162
27	9517	6	30.4224
27	2482	7	30.2897
27	25343	8	30.2106
27	6479	9	29.8
27	4508	10	29.7874
28	23519	1	28.6493
28	7832	2	24.3669
28	1861	3	23.8083
28	10769	4	23.7225
28	16565	5	23.5089
28	7107	6	23.3422
28	12497	7	23.2024
28	8285	8	23.1685
28	19726	9	23.0702
28	2360	10	23.0378
29	5850	1	22.0027
29	3973	2	21.3712
29	14581	3	20.9457
29	5055	4	20.664
29	5174	5	20.3073
29	17866	6	20.2392
29	9058	7	20.2017
29	19584	8	19.9823
29	22676	9	19.812
29	20617	10	19.4853
30	4300	1	31.6305
30	7676	2	30.7549
30	897	3	29.2656
30	13673	4	27.0326
30	17786	5	26.9734
30	1976	6	26.8087
30	17732	7	26.3016
30	12677	8	25.9479
30	3542	9	25.7946
30	896	10	25.089
31	15771	1	28.8293
31	6080	2	24.5102
31	3952	3	23.9072
31	14302	4	23.8935
31	13266	5	23.5612
31	4656	6	23.5426
31	11319	7	23.2183
31	14390	8	23.1956
31	22681	9	22.7675
31	13940	10	22.6196
32	9142	1	32.272
32	348	2	31.9608
32	17725	3	31.5498
32	5128	4	31.2877
32	17071	5	30.9654
32	6312	6	30.695
32	7422	7	30.145
32	11585	8	29.585
32	16402	9	29.5136
32	20876	10	29.4864
33	17600	1	32.8932
33	21582	2	32.4571
33	780	3	32.4178
33	9882	4	32.3742
33	22632	5	30.47
33	24955	6	29.492
33	11538	7	29.1148
33	21580	8	28.8012
33	13281	9	28.5277
33	3605	10	28.4119
34	6562	1	24.9488
34	22875	2	24.9458
34	3465	3	24.9332
34	21509	4	24.217
34	19949	5	23.9403
34	24939	6	23.8664
34	10379	7	23.7857
34	15418	8	23.7749
34	14948	9	23.6274
34	1012	10	23.4728
35	7225	1	26.9774
35	5897	2	26.8005
35	22923	3	26.2647
35	22956	4	26.0602
35	14504	5	25.8175
35	21527	6	25.5811
35	7640	7	25.4948
35	20606	8	25.3599
35	12889	9	24.7656
35	17090	10	24.7584
36	7016	1	35.7691
36	16494	2	34.6208
36	19191	3	34.0819
36	10295	4	34.0708
36	2378	5	33.3277
36	1192	6	32.8923
36	5791	7	32.879
36	13422	8	32.7344
36	20671	9	32.6786
36	8567	10	32.5534
37	23052	1	25.898
37	2181	2	25.6142
37	3136	3	25.5363
37	20333	4	25.2566
37	1100	5	25.0557
37	10487	6	24.977
37	10939	7	24.8632
37	19736	8	24.6906
37	25576	9	24.622
37	25281	10	24.6152
38	25379	1	27.1972
38	1175	2	26.9847
38	19950	3	26.7705
38	21847	4	26.1206
38	12237	5	25.9868
38	9566	6	25.7672
38	12614	7	25.6783
38	10079	8	25.5615
38	10157	9	25.4756
38	6858	10	25.3825
39	22411	1	27.6852
39	9059	2	26.6148
39	3772	3	24.5374
39	5276	4	24.1487
39	626	5	23.9447
39	8560	6	23.8795
39	15191	7	23.5854
39	19383	8	23.5331
39	17908	9	23.0548
39	12743	10	22.9296
40	9005	1	30.083
40	11336	2	30.0638
40	6285	3	28.7127
40	5298	4	27.6553
40	12619	5	27.541
40	16458	6	27.2368
40	24141	7	27.0072
40	12096	8	26.1534
40	21024	9	26.0885
40	20776	10	26.0443
41	15479	1	41.7962
41	15773	2	41.6785
41	10390	3	41.3996
41	12835	4	41.2092
41	1221	5	41.106
41	8292	6	40.5417
41	3087	7	40.2768
41	3327	8	40.1876
41	1219	9	40.0124
41	10389	10	39.7989
42	23408	1	33.0337
42	8329	2	30.3628
42	20959	3	30.0411
42	154	4	29.5994
42	20898	5	29.3766
42	6501	6	29.1803
42	22235	7	29.0201
42	1772	8	28.9438
42	11392	9	28.7454
42	369	10	28.7274
43	25087	1	27.9355
43	2692	2	27.3924
43	22398	3	26.8256
43	23049	4	26.671
43	5796	5	26.5864
43	16558	6	25.9657
43	11694	7	25.8848
43	23265	8	25.785
43	2693	9	25.4677
43	15242	10	25.039
44	18162	1	27.2375
44	2623	2	26.5393
44	10839	3	26.1262
44	21962	4	25.2574
44	13261	5	25.1831
44	23877	6	24.9502
44	949	7	24.4397
44	6509	8	24.1452
44	25545	9	23.984
44	6409	10	23.5896
45	1046	1	26.1491
45	22323	2	25.6219
45	2951	3	25.1952
45	14638	4	25.1654
45	21446	5	24.9403
45	5337	6	24.8447
45	10607	7	24.7414
45	14842	8	24.7291
45	12898	9	24.6439
45	10201	10	24.5324
46	1366	1	25.1859
46	12816	2	24.6513
46	1368	3	24.6483
46	24330	4	24.4088
46	13289	5	24.0725
46	4969	6	23.929
46	20811	7	23.5879
46	19703	8	23.3744
46	25415	9	23.019
46	3900	10	22.7034
47	1392	1	33.9154
47	24761	2	24.5548
47	1394	3	24.187
47	13186	4	24.1618
47	11150	5	24.0491
47	19989	6	23.6975
47	6862	7	23.6329
47	6890	8	23.5442
47	1396	9	22.6098
47	4121	10	22.1364
48	21043	1	23.9658
48	24075	2	23.8279
48	12451	3	23.5547
48	21509	4	23.4567
48	6876	5	23.4513
48	18956	6	23.446
48	3045	7	23.385
48	20178	8	23.3406
48	19949	9	23.332
48	18958	10	23.2566
49	29	1	33.5074
49	9515	2	30.6015
49	24871	3	30.2474
49	1063	4	29.8301
49	10884	5	29.5335
49	25024	6	29.464
49	12006	7	29.3032
49	9571	8	29.289
49	7921	9	29.2426
49	16981	10	29.1397
50	1027	1	30.2172
50	14372	2	28.7777
50	3818	3	28.2798
50	21816	4	26.5669
50	4280	5	26.5397
50	23989	6	26.4717
50	22500	7	26.3408
50	6686	8	26.1728
50	10602	9	24.7926
50	7037	10	24.4782
51	6261	1	27.5027
51	9199	2	26.9977
51	19330	3	26.8815
51	22934	4	25.9135
51	16559	5	25.8174
51	13341	6	25.5217
51	9097	7	25.2911
51	5419	8	24.8801
51	38	9	24.7373
51	10683	10	24.7295
52	21999	1	30.1446
52	12920	2	29.6684
52	1543	3	28.5568
52	309	4	28.3538
52	1865	5	27.3892
52	15513	6	27.0934
52	22894	7	26.9194
52	23935	8	26.4645
52	1541	9	26.3525
52	9076	10	25.9686
53	16171	1	27.0161
53	12001	2	26.2421
53	17216	3	25.0756
53	17606	4	25.0642
53	1571	5	24.8278
53	1569	6	24.7096
53	4215	7	24.6519
53	6882	8	24.399
53	1027	9	24.3025
53	19081	10	24.2976
54	1602	1	41.8729
54	20114	2	31.8381
54	4932	3	30.3739
54	1601	4	29.9038
54	16173	5	29.4418
54	1600	6	28.8782
54	542	7	28.7115
54	1181	8	28.4758
54	18648	9	28.0736
54	187	10	26.6726
55	1632	1	21.3561
55	21832	2	19.4396
55	18854	3	19.1228
55	16929	4	18.5159
55	2434	5	18.4941
55	14407	6	18.3524
55	16160	7	17.9008
55	25088	8	17.8355
55	1631	9	17.6295
55	97	10	17.0148
56	7513	1	33.2954
56	12916	2	33.2539
56	24918	3	30.4906
56	17753	4	29.9007
56	6620	5	28.4197
56	9485	6	28.1864
56	1891	7	28.1151
56	1355	8	27.4154
56	22783	9	27.2425
56	12447	10	27.096
57	16215	1	31.5375
57	8840	2	30.399
57	4305	3	28.6043
57	14879	4	28.2537
57	5747	5	28.0257
57	3497	6	27.6624
57	3892	7	27.2316
57	11927	8	26.7861
57	2433	9	26.4275
57	16403	10	26.2886
58	1183	1	31.7148
58	19689	2	30.9428
58	24071	3	30.5185
58	7961	4	30.5099
58	5961	5	30.4336
58	9154	6	29.6071
58	14382	7	29.4309
58	21283	8	29.3371
58	6900	9	29.2907
58	21952	10	28.879
59	1747	1	33.793
59	14531	2	27.431
59	10088	3	26.8116
59	22546	4	26.3161
59	23612	5	25.4676
59	8044	6	25.2333
59	12641	7	25.2332
59	5041	8	25.1703
59	7540	9	25.1397
59	2247	10	25.0016
60	19463	1	28.2164
60	12696	2	27.116
60	5064	3	27.077
60	1777	4	26.979
60	2137	5	26.9639
60	9854	6	26.6651
60	21349	7	25.502
60	13342	8	25.3131
60	25559	9	25.3095
60	25597	10	25.0064
61	4356	1	24.3341
61	4188	2	22.4121
61	9018	3	22.2682
61	1215	4	21.8479
61	7225	5	21.8328
61	12823	6	21.7626
61	13129	7	21.5708
61	4391	8	21.5317
61	3314	9	21.3958
61	2672	10	21.0353
62	20351	1	25.8913
62	12878	2	24.5658
62	21561	3	24.374
62	11827	4	24.2005
62	24175	5	23.4457
62	21384	6	23.1514
62	21842	7	22.9184
62	1840	8	22.8602
62	19729	9	22.5877
62	7344	10	22.5585
63	6660	1	24.67
63	3383	2	24.3601
63	1868	3	23.5502
63	1866	4	22.4969
63	17709	5	21.7402
63	11596	6	21.2756
63	512	7	21.1361
63	19184	8	21.0323
63	17872	9	20.9083
63	965	10	20.75
64	10017	1	28.5244
64	20755	2	26.6659
64	18666	3	26.5181
64	3306	4	25.1929
64	15559	5	24.9193
64	21834	6	24.8419
64	23425	7	24.8289
64	11425	8	24.7483
64	14573	9	24.3746
64	24173	10	24.353
65	16252	1	31.0811
65	13063	2	28.5438
65	10477	3	26.248
65	16785	4	25.7683
65	22096	5	25.3337
65	10650	6	25.2283
65	4040	7	24.933
65	10034	8	24.9189
65	19393	9	24.4321
65	20641	10	24.3231
66	10504	1	32.7595
66	4159	2	29.9967
66	15259	3	29.9025
66	8083	4	29.6153
66	2084	5	27.9928
66	25635	6	27.6875
66	1956	7	27.3074
66	20753	8	27.2751
66	405	9	27.1845
66	4836	10	26.1278
67	10154	1	28.0711
67	8865	2	27.6431
67	6895	3	27.3656
67	10411	4	26.3252
67	17590	5	25.5958
67	10978	6	25.1082
67	16489	7	24.9192
67	14038	8	24.8033
67	7606	9	24.6828
67	12260	10	24.5752
68	2016	1	30.8898
68	3643	2	29.9026
68	5426	3	29.7793
68	16647	4	28.3584
68	15098	5	27.6085
68	14791	6	26.8613
68	12384	7	26.7305
68	16458	8	26.5624
68	24382	9	26.5171
68	16513	10	26.3106
69	14650	1	27.3027
69	5559	2	27.0109
69	147	3	26.0694
69	19872	4	25.4716
69	5099	5	25.4503
69	23482	6	25.1936
69	20427	7	24.8338
69	20599	8	24.3355
69	17301	9	24.162
69	1445	10	23.9915
70	1864	1	32.9723
70	20343	2	32.8254
70	654	3	31.4035
70	12660	4	30.991
70	1721	5	30.6917
70	10009	6	29.587
70	8109	7	28.39
70	3875	8	28.3035
70	16486	9	27.853
70	24915	10	27.6502
71	22827	1	33.4141
71	20469	2	33.2202
71	11923	3	31.8924
71	1132	4	31.4536
71	862	5	31.3698
71	21360	6	31.2933
71	3676	7	30.9529
71	6049	8	30.1297
71	15074	9	29.5426
71	22661	10	29.0803
72	6368	1	27.7844
72	9928	2	27.2916
72	14401	3	27.061
72	18647	4	26.9576
72	4427	5	26.3129
72	5462	6	25.9633
72	23078	7	25.6778
72	1266	8	25.4569
72	13298	9	25.0615
72	1299	10	25.0038
73	982	1	25.883
73	7499	2	25.2705
73	2163	3	25.1633
73	7408	4	24.0857
73	17077	5	23.7882
73	18683	6	21.2843
73	10328	7	20.8329
73	4475	8	20.4032
73	15341	9	20.1016
73	17445	10	20.0584
74	11726	1	27.3719
74	12737	2	25.9216
74	0	3	25.7925
74	14363	4	25.5712
74	16346	5	25.3478
74	5597	6	25.3467
74	20349	7	24.7433
74	22838	8	24.7152
74	19982	9	24.5936
74	24287	10	24.508
75	17263	1	36.9312
75	16245	2	34.3475
75	14177	3	33.9322
75	12423	4	33.599
75	2221	5	33.3415
75	2223	6	33.192
75	15811	7	31.7792
75	2224	8	31.6965
75	16958	9	30.9199
75	7838	10	30.108
76	25597	1	40.4966
76	9171	2	35.5128
76	20075	3	35.4371
76	17049	4	33.1554
76	4049	5	32.7445
76	23254	6	32.5728
76	17660	7	32.2792
76	22623	8	32.1702
76	5205	9	31.7444
76	22647	10	31.607
77	3156	1	28.7687
77	23823	2	28.2148
77	20498	3	26.5845
77	25349	4	25.5139
77	18129	5	25.5036
77	1481	6	25.3663
77	1661	7	25.2042
77	20246	8	24.9829
77	4727	9	24.6344
77	9878	10	24.4659
78	3929	1	29.0554
78	2312	2	28.3096
78	23635	3	25.1939
78	13810	4	25.0604
78	21733	5	25.0497
78	10260	6	24.9896
78	3241	7	24.9334
78	19323	8	24.3989
78	24423	9	24.3186
78	23090	10	23.9982
79	4493	1	26.0608
79	2343	2	24.5007
79	9793	3	22.5066
79	16297	4	21.7208
79	21566	5	21.5204
79	10730	6	21.2757
79	23767	7	21.0708
79	12116	8	20.5311
79	24177	9	20.5015
79	2385	10	20.4906
80	9968	1	33.4026
80	22541	2	31.0488
80	23103	3	29.5065
80	16249	4	28.7702
80	18164	5	27.7707
80	19397	6	27.2605
80	20343	7	27.2316
80	7073	8	26.4952
80	15484	9	26.472
80	24701	10	26.3614
81	6564	1	30.7537
81	25270	2	30.6954
81	3630	3	30.6639
81	12130	4	30.6342
81	6261	5	29.7453
81	15345	6	29.7294
81	2202	7	29.0436
81	799	8	28.7473
81	1513	9	28.7442
81	1021	10	28.5332
82	2106	1	22.9935
82	6259	2	22.8416
82	20850	3	22.7148
82	24130	4	22.4099
82	16780	5	22.2916
82	1092	6	22.1327
82	10444	7	22.0926
82	13310	8	22.0205
82	11097	9	21.9972
82	2429	10	21.785
83	16764	1	35.1801
83	225	2	31.8138
83	25270	3	29.5305
83	2636	4	29.3136
83	23783	5	29.2382
83	14210	6	29.2298
83	11740	7	28.9079
83	19629	8	28.8405
83	799	9	28.783
83	7555	10	28.647
84	20866	1	29.5318
84	12523	2	28.7218
84	11245	3	27.7936
84	14485	4	27.677
84	54	5	27.3719
84	17316	6	27.3009
84	15071	7	27.278
84	5022	8	26.6995
84	5418	9	26.4679
84	17138	10	25.8557
85	5575	1	29.278
85	5744	2	28.3704
85	10744	3	28.1366
85	9620	4	27.6188
85	10928	5	27.5352
85	2048	6	27.4797
85	15424	7	27.4541
85	7040	8	27.406
85	7729	9	27.3934
85	22831	10	27.3481
86	2544	1	32.213
86	2543	2	31.8809
86	2545	3	31.0145
86	20299	4	28.2064
86	15222	5	27.6167
86	6559	6	27.5196
86	2542	7	25.6
86	14395	8	25.118
86	7704	9	24.8514
86	22577	10	24.4374
87	8831	1	31.3546
87	18306	2	30.0728
87	1183	3	29.8061
87	9299	4	29.6887
87	14128	5	29.3119
87	13380	6	29.1786
87	12897	7	28.9665
87	5186	8	28.9582
87	2775	9	28.8292
87	6118	10	28.79
88	2602	1	30.6853
88	14033	2	27.4204
88	4257	3	25.1469
88	2319	4	24.9028
88	3796	5	24.3676
88	8748	6	24.1798
88	23962	7	23.793
88	8868	8	23.6947
88	7381	9	23.3503
88	21225	10	23.2491
89	24899	1	31.1544
89	7124	2	29.305
89	18492	3	29.3014
89	5575	4	29.006
89	13583	5	28.6676
89	24152	6	27.9948
89	25084	7	27.1428
89	2633	8	26.5219
89	1246	9	26.5138
89	23355	10	26.3649
90	25534	1	31.7268
90	2662	2	30.614
90	5463	3	30.5162
90	17794	4	29.3073
90	5048	5	29.1228
90	3010	6	28.9253
90	1966	7	28.868
90	22119	8	28.7684
90	1050	9	28.6395
90	25164	10	28.4123
91	16094	1	31.2436
91	17550	2	27.2656
91	20416	3	26.9749
91	19978	4	26.3166
91	18840	5	25.9898
91	1282	6	25.1714
91	23075	7	24.8762
91	10508	8	22.8365
91	13193	9	22.5108
91	25087	10	22.141
92	24298	1	34.9863
92	2721	2	33.7145
92	15542	3	32.5471
92	15547	4	31.4461
92	9585	5	30.8837
92	2724	6	30.7308
92	16947	7	30.5578
92	24670	8	30.3582
92	13479	9	30.2101
92	22002	10	30.0325
93	25307	1	31.5413
93	9852	2	31.1743
93	13266	3	29.2993
93	6338	4	29.0968
93	24421	5	29.0757
93	7232	6	28.6695
93	15058	7	28.6554
93	15499	8	28.4877
93	10385	9	28.4246
93	20449	10	27.9934
94	8018	1	29.5987
94	22961	2	28.3232
94	13972	3	28.0396
94	23066	4	27.9998
94	15298	5	26.5946
94	8852	6	26.4019
94	23577	7	26.1873
94	9354	8	26.1217
94	25596	9	26.0389
94	20384	10	25.8305
95	25254	1	37.5827
95	12972	2	37.3971
95	10250	3	36.0473
95	2808	4	34.6991
95	15927	5	32.2175
95	1580	6	30.0958
95	1712	7	29.2027
95	2806	8	28.9633
95	24553	9	27.8449
95	17827	10	27.6189
96	5696	1	32.7678
96	2833	2	32.5704
96	13435	3	31.4135
96	24918	4	31.3383
96	15067	5	31.1519
96	2482	6	30.548
96	4508	7	29.9852
96	3888	8	29.6541
96	3515	9	29.6532
96	108	10	28.9456
97	22814	1	26.9162
97	15562	2	25.0734
97	7953	3	23.2141
97	4397	4	23.0591
97	10338	5	23.0573
97	18693	6	22.9665
97	23224	7	22.7822
97	6219	8	22.7323
97	14007	9	22.6741
97	5816	10	22.0371
98	18129	1	31.979
98	2894	2	29.17
98	1320	3	28.6201
98	24837	4	27.9546
98	10936	5	27.5408
98	10813	6	27.2448
98	9792	7	27.0818
98	10571	8	26.5782
98	22270	9	26.3304
98	15461	10	26.2365
99	21760	1	25.2422
99	3872	2	25.1026
99	15193	3	25.0956
99	7453	4	25.0196
99	176	5	24.9903
99	14001	6	24.8331
99	8580	7	24.7523
99	11066	8	24.7203
99	5778	9	24.1364
99	4550	10	24.1359
100	23094	1	34.97
100	7889	2	34.7118
100	4429	3	34.2628
100	4888	4	34.2542
100	24492	5	34.1676
100	10910	6	33.0341
100	20052	7	33.0206
100	14929	8	31.768
100	1790	9	31.5313
100	7016	10	31.3804
101	1553	1	25.9935
101	18895	2	25.5543
101	2153	3	25.1467
101	1428	4	24.4531
101	11377	5	24.1807
101	17199	6	24.0287
101	23267	7	23.7899
101	11945	8	23.642
101	14406	9	23.5424
101	5284	10	23.4042
102	23362	1	25.0891
102	2344	2	23.702
102	19873	3	22.9752
102	9293	4	22.5726
102	15258	5	22.4526
102	5337	6	22.2659
102	6856	7	22.2198
102	5579	8	21.55
102	866	9	21.0947
102	20761	10	20.9981
103	12259	1	35.1769
103	3032	2	32.7105
103	15479	3	32.6079
103	25318	4	32.4401
103	7963	5	32.01
103	21792	6	31.0403
103	304	7	30.8662
103	5685	8	30.8218
103	17097	9	29.9607
103	10411	10	29.6066
104	11735	1	29.0053
104	694	2	28.8774
104	3062	3	28.1376
104	3063	4	27.9879
104	6745	5	27.9043
104	6193	6	27.8728
104	14920	7	27.6421
104	7859	8	27.1789
104	14760	9	26.9828
104	17435	10	26.7028
105	15713	1	36.1005
105	17437	2	29.2601
105	17438	3	28.1813
105	8893	4	27.9291
105	2250	5	27.159
105	13715	6	27.1261
105	11162	7	27.0679
105	1068	8	26.8535
105	8731	9	26.6887
105	15832	10	26.6489
106	8197	1	29.898
106	18623	2	29.0402
106	21458	3	28.4447
106	18308	4	28.3411
106	17753	5	28.3095
106	19764	6	28.2408
106	3120	7	28.005
106	11536	8	27.9649
106	4171	9	27.9057
106	8330	10	27.8216
107	19868	1	31.4271
107	1463	2	29.0981
107	17128	3	28.9063
107	4383	4	28.7018
107	21332	5	28.6041
107	21718	6	28.2257
107	16022	7	28.0827
107	9466	8	28.0635
107	16925	9	27.9079
107	23839	10	27.8239
108	3175	1	38.4902
108	21839	2	37.7078
108	22686	3	35.7389
108	950	4	34.9751
108	13070	5	33.9475
108	18328	6	33.2514
108	3177	7	32.9916
108	8272	8	32.5614
108	3178	9	31.9413
108	5641	10	31.7537
109	17550	1	27.0749
109	15805	2	26.8829
109	5028	3	26.0888
109	18294	4	25.1299
109	6160	5	24.9841
109	3205	6	24.9003
109	23085	7	24.6497
109	12803	8	24.5331
109	21008	9	24.4679
109	4374	10	24.3464
110	2245	1	32.0254
110	10421	2	29.9686
110	3234	3	29.6193
110	3237	4	29.6146
110	19345	5	28.1774
110	17942	6	27.6182
110	3238	7	27.5272
110	23601	8	27.3903
110	20833	9	26.1331
110	13600	10	26.0227
111	17590	1	26.4505
111	19790	2	26.3221
111	64	3	25.1542
111	5699	4	25.1051
111	20457	5	24.9602
111	22200	6	24.0726
111	2151	7	24.0342
111	2202	8	23.9712
111	19406	9	23.9098
111	3147	10	23.8924
112	9914	1	29.1144
112	3224	2	26.6405
112	10260	3	26.2434
112	10641	4	26.1446
112	11218	5	26.132
112	24597	6	25.9426
112	15543	7	25.8773
112	25006	8	25.6388
112	7358	9	25.6326
112	8959	10	25.4346
113	10968	1	31.0087
113	3323	2	29.9434
113	17825	3	29.0387
113	7608	4	28.2457
113	17269	5	27.9802
113	18479	6	27.4126
113	3322	7	26.6734
113	2229	8	26.5034
113	17337	9	26.376
113	1429	10	26.3493
114	22422	1	36.2301
114	754	2	32.3647
114	3109	3	32.2286
114	4331	4	29.7286
114	941	5	29.4599
114	7332	6	28.5811
114	9329	7	28.189
114	7435	8	27.8267
114	14897	9	27.6591
114	10767	10	27.5687
115	9746	1	30.3664
115	18016	2	28.0005
115	11170	3	27.2979
115	8010	4	26.9486
115	818	5	26.6858
115	5461	6	26.5705
115	23323	7	26.567
115	14619	8	26.3038
115	20134	9	26.2929
115	11964	10	26.1298
116	9819	1	31.018
116	1024	2	30.7108
116	3756	3	30.1325
116	14120	4	28.7873
116	1263	5	28.7227
116	8216	6	28.7161
116	14123	7	28.239
116	16912	8	28.2323
116	14122	9	28.1507
116	3618	10	28.1468
117	11993	1	30.5198
117	1907	2	29.9853
117	18649	3	29.916
117	12294	4	29.6895
117	19868	5	29.2782
117	8702	6	29.185
117	5699	7	29.0624
117	12587	8	28.9481
117	1217	9	28.9308
117	22219	10	28.6473
118	24382	1	23.9751
118	25248	2	23.4194
118	2048	3	23.0385
118	2456	4	22.7656
118	20137	5	22.5784
118	6299	6	22.138
118	7357	7	22.0756
118	3418	8	21.9768
118	20934	9	21.9528
118	1625	10	21.9003
119	4391	1	31.1686
119	16526	2	30.3346
119	23543	3	28.3757
119	5294	4	27.9409
119	1303	5	27.4016
119	13842	6	26.751
119	20827	7	26.6427
119	4356	8	26.6327
119	10324	9	26.0704
119	16525	10	25.8052
120	2285	1	27.0171
120	17183	2	26.4581
120	10664	3	26.4554
120	25268	4	25.9074
120	3526	5	25.397
120	451	6	25.0083
120	623	7	24.8496
120	3475	8	24.6857
120	14581	9	24.6841
120	5279	10	24.6508
121	13629	1	36.2305
121	11559	2	35.1438
121	3550	3	34.9732
121	25207	4	34.5555
121	25523	5	34.4492
121	387	6	34.0839
121	23804	7	34.0742
121	5809	8	33.8801
121	3062	9	33.3133
121	5812	10	33.0121
122	8241	1	23.432
122	22660	2	23.2433
122	12694	3	23.1201
122	480	4	23.0823
122	24865	5	23.08
122	9485	6	22.9848
122	16471	7	22.9754
122	24326	8	22.542
122	13541	9	22.5224
122	18306	10	22.4592
123	24062	1	27.3317
123	1803	2	22.2523
123	21079	3	21.5526
123	15896	4	20.6829
123	16766	5	20.326
123	18877	6	20.0306
123	4649	7	19.679
123	19538	8	19.5567
123	12945	9	19.3709
123	992	10	19.3438
124	2325	1	32.6376
124	16096	2	32.0832
124	3641	3	27.7715
124	20226	4	26.3031
124	8971	5	25.7723
124	1902	6	25.5849
124	11195	7	25.2959
124	14481	8	25.125
124	24891	9	25.0728
124	11548	10	25.0389
125	8294	1	36.9815
125	13838	2	36.5778
125	5486	3	36.4739
125	8027	4	36.4502
125	10123	5	35.9699
125	22043	6	35.8735
125	3670	7	35.5947
125	12519	8	35.2724
125	22443	9	35.1539
125	3435	10	35.0484
126	4562	1	32.5094
126	22803	2	31.9825
126	3697	3	31.031
126	3695	4	31.0097
126	3696	5	30.8362
126	24348	6	30.5158
126	19435	7	30.215
126	542	8	30.1319
126	21342	9	29.7321
126	15154	10	28.8414
127	22365	1	32.9824
127	17013	2	32.8619
127	11979	3	32.7341
127	20556	4	32.6332
127	14340	5	32.4222
127	17201	6	32.3513
127	8740	7	32.311
127	17442	8	32.2564
127	4	9	32.16
127	10578	10	32.158
128	10044	1	32.2185
128	13873	2	32.2004
128	19780	3	31.7819
128	16888	4	31.6275
128	7551	5	31.3656
128	11589	6	31.0557
128	24819	7	29.9989
128	11166	8	29.2377
128	16026	9	29.1935
128	6554	10	28.5076
129	6863	1	27.4496
129	9545	2	27.4378
129	9547	3	25.8733
129	9892	4	25.7937
129	24341	5	25.6491
129	23005	6	25.3655
129	18671	7	25.3563
129	10809	8	25.1137
129	19015	9	24.8881
129	6727	10	24.7749
130	18534	1	27.2787
130	6515	2	26.4913
130	12533	3	26.4625
130	23824	4	25.997
130	12164	5	25.8944
130	19097	6	25.8786
130	20762	7	25.6087
130	12165	8	25.4656
130	20655	9	25.1027
130	593	10	25.002
131	5401	1	27.4672
131	7381	2	27.1148
131	17276	3	25.79
131	24722	4	23.8194
131	7651	5	23.8091
131	11603	6	23.8044
131	10273	7	23.5358
131	22393	8	23.404
131	5804	9	23.1949
131	5053	10	22.6925
132	21215	1	33.0641
132	25259	2	31.2785
132	17851	3	31.1228
132	20077	4	31.0927
132	16239	5	30.2492
132	14888	6	29.8318
132	966	7	29.7644
132	10542	8	29.4588
132	12305	9	28.507
132	21196	10	28.4067
133	3893	1	34.9229
133	12450	2	32.7293
133	15324	3	29.8148
133	19483	4	29.6864
133	12747	5	28.1708
133	19136	6	27.9342
133	18187	7	27.7415
133	18636	8	27.6692
133	10933	9	27.5623
133	17931	10	27.5357
134	8831	1	39.3873
134	10578	2	39.138
134	725	3	37.6108
134	12897	4	37.5532
134	17764	5	37.4414
134	6334	6	37.3643
134	8412	7	37.1076
134	7656	8	37.0527
134	12275	9	36.8066
134	13312	10	36.5223
135	3947	1	25.1747
135	3945	2	24.6011
135	3946	3	24.3223
135	6274	4	21.7524
135	10164	5	20.3858
135	1090	6	20.3828
135	14545	7	20.2977
135	5864	8	20.2926
135	23851	9	20.265
135	21539	10	20.2599
136	6190	1	26.1256
136	24367	2	25.9864
136	3513	3	25.8963
136	15559	4	25.8646
136	6181	5	24.9643
136	5257	6	24.7681
136	13570	7	24.4995
136	16465	8	24.4909
136	7793	9	24.3918
136	9958	10	24.1329
137	22173	1	26.2089
137	671	2	25.8311
137	11761	3	25.7421
137	23722	4	24.7557
137	20724	5	24.7108
137	19147	6	24.6748
137	22713	7	24.1649
137	19763	8	24.1552
137	14197	9	23.8475
137	8604	10	23.7957
138	11067	1	30.8575
138	15960	2	30.7193
138	13259	3	30.3403
138	21654	4	29.6209
138	4767	5	29.4821
138	19705	6	29.0426
138	12420	7	28.9692
138	14429	8	28.6876
138	10776	9	28.5022
138	11478	10	28.332
139	12188	1	30.6209
139	17671	2	30.5494
139	5687	3	30.5197
139	64	4	30.4656
139	12754	5	29.4813
139	22573	6	28.6481
139	6285	7	28.47
139	9161	8	27.6192
139	7897	9	27.3554
139	12560	10	27.1456
140	23220	1	32.7001
140	4089	2	32.6705
140	25443	3	30.55
140	633	4	30.3266
140	8970	5	28.3362
140	1460	6	28.3095
140	23962	7	28.3044
140	24340	8	27.8024
140	5375	9	27.1002
140	8776	10	26.8318
141	11761	1	35.8139
141	5557	2	33.0439
141	10084	3	32.7984
141	4118	4	32.6365
141	3976	5	32.0941
141	7999	6	31.8215
141	17563	7	31.7976
141	8187	8	31.5355
141	7026	9	31.4041
141	24095	10	31.3431
142	1455	1	36.4151
142	17437	2	36.0306
142	17440	3	34.5612
142	13024	4	33.7827
142	15713	5	32.412
142	1313	6	31.6491
142	22200	7	31.4425
142	8731	8	31.2739
142	14107	9	30.9229
142	19521	10	30.8193
143	19685	1	27.7804
143	13276	2	26.627
143	19286	3	24.1647
143	795	4	23.8299
143	751	5	23.6113
143	9620	6	23.5714
143	14654	7	23.4491
143	5241	8	22.9916
143	15237	9	22.4298
143	3053	10	22.386
144	25228	1	33.005
144	5968	2	31.5706
144	111	3	30.9083
144	18466	4	30.6242
144	4201	5	30.6039
144	24842	6	30.5718
144	8118	7	30.385
144	24286	8	30.3795
144	20119	9	30.1135
144	10763	10	29.8635
145	13614	1	38.9759
145	5761	2	37.7589
145	5811	3	36.8742
145	14197	4	36.1463
145	9187	5	35.9012
145	18047	6	35.7445
145	12442	7	35.414
145	6521	8	35.3537
145	3209	9	34.9108
145	13381	10	34.7896
146	4259	1	35.1666
146	13327	2	31.4441
146	11037	3	31.3091
146	21699	4	30.6681
146	17671	5	30.1723
146	8355	6	29.8826
146	13927	7	29.8644
146	12096	8	29.8505
146	330	9	29.2148
146	16686	10	28.8616
147	12931	1	26.7748
147	3367	2	26.6836
147	1390	3	26.652
147	19138	4	26.1433
147	20031	5	26.1427
147	9008	6	24.8463
147	6315	7	24.8245
147	16487	8	24.3545
147	4173	9	24.1952
147	5125	10	24.0726
148	6500	1	30.3989
148	4314	2	29.8649
148	5412	3	29.1093
148	8863	4	29.0179
148	23977	5	28.8441
148	2495	6	28.7555
148	13745	7	27.9
148	18677	8	27.7712
148	23976	9	27.6659
148	4315	10	27.3699
149	4341	1	32.7469
149	18014	2	29.9752
149	23989	3	29.5972
149	3865	4	29.1014
149	911	5	26.7419
149	25259	6	26.4289
149	20133	7	26.1156
149	9804	8	26.0882
149	12305	9	26.047
149	5936	10	25.9694
150	12348	1	34.9675
150	24226	2	30.6025
150	708	3	30.1225
150	7589	4	29.298
150	884	5	27.4806
150	4372	6	26.5966
150	15862	7	26.2525
150	11871	8	26.212
150	13844	9	25.9063
150	6387	10	25.5759
151	13549	1	28.4208
151	2190	2	28.4077
151	5844	3	28.1989
151	4397	4	28.1119
151	21054	5	27.8266
151	10750	6	27.5842
151	480	7	27.0291
151	15734	8	26.7705
151	16584	9	26.5275
151	25656	10	26.4956
152	15025	1	31.674
152	14429	2	31.2152
152	13259	3	30.398
152	6779	4	30.2547
152	6524	5	30.1926
152	12127	6	30.0601
152	12559	7	30.0532
152	2593	8	29.9549
152	25081	9	29.654
152	9912	10	29.4084
153	15456	1	33.682
153	3620	2	25.6788
153	5424	3	24.4265
153	22828	4	23.7517
153	1357	5	22.9936
153	2675	6	22.527
153	25575	7	22.0712
153	16764	8	21.7403
153	18858	9	21.6036
153	20158	10	21.535
154	4621	1	24.2936
154	15283	2	23.9106
154	3796	3	23.6633
154	3977	4	23.6629
154	1561	5	23.4851
154	6895	6	23.4502
154	3658	7	23.1391
154	14219	8	23.0724
154	2227	9	23.0342
154	2413	10	22.9272
155	4514	1	30.8836
155	3931	2	29.6811
155	12319	3	28.3318
155	13019	4	28.2029
155	21142	5	27.2727
155	6038	6	27.1757
155	11049	7	27.0935
155	17626	8	27.0912
155	6741	9	26.7087
155	13240	10	26.5818
156	23103	1	33.799
156	18984	2	32.1229
156	4229	3	32.0078
156	4542	4	31.353
156	21513	5	29.6463
156	22301	6	29.6275
156	2273	7	28.9979
156	14364	8	28.6556
156	14008	9	28.502
156	15939	10	28.333
157	19067	1	27.9276
157	7441	2	27.4725
157	18210	3	27.2073
157	6151	4	26.7361
157	1206	5	26.7085
157	10457	6	25.9799
157	11368	7	25.663
157	24689	8	25.0704
157	19594	9	24.3183
157	3911	10	24.3134
158	9622	1	27.2324
158	15957	2	24.5801
158	25349	3	23.3797
158	11798	4	22.8805
158	19445	5	22.5301
158	24434	6	22.5254
158	7706	7	22.4806
158	16766	8	22.2014
158	10772	9	21.9154
158	15594	10	21.9091
159	7564	1	26.8146
159	6677	2	26.6546
159	1354	3	26.525
159	21210	4	26.4323
159	24022	5	26.3631
159	20428	6	26.3039
159	3816	7	26.2699
159	12534	8	26.2507
159	11934	9	26.1851
159	13968	10	26.0256
160	21609	1	34.4289
160	7107	2	32.8352
160	19195	3	31.7803
160	18906	4	31.1434
160	5220	5	30.3179
160	19764	6	29.7179
160	17088	7	29.5871
160	2552	8	29.3185
160	3199	9	29.2421
160	12364	10	29.141
161	11455	1	31.6838
161	9082	2	30.2455
161	2871	3	29.2326
161	4339	4	28.6499
161	6026	5	28.2638
161	24423	6	27.3528
161	24597	7	27.3485
161	16636	8	27.2054
161	22232	9	27.1997
161	13617	10	27.1579
162	1192	1	31.1654
162	1886	2	30.7329
162	4469	3	30.7083
162	13128	4	30.1991
162	13662	5	30.0415
162	1021	6	29.6526
162	8304	7	29.5787
162	315	8	29.4625
162	13593	9	29.4181
162	21113	10	29.2753
163	4739	1	26.6591
163	13013	2	20.5816
163	1853	3	19.4283
163	1024	4	19.3451
163	7986	5	19.2518
163	6814	6	18.8117
163	5687	7	18.3341
163	9301	8	18.2129
163	20861	9	18.1011
163	21488	10	18.0991
164	9299	1	36.1768
164	13259	2	34.4776
164	3941	3	33.9158
164	8559	4	33.5475
164	17132	5	33.3785
164	13257	6	33.1419
164	3208	7	33.1076
164	1658	8	33.1021
164	22365	9	32.9863
164	11761	10	32.8849
165	15152	1	31.713
165	20199	2	30.2409
165	20517	3	28.9193
165	4224	4	28.294
165	17900	5	28.2742
165	23092	6	28.1961
165	3091	7	27.9775
165	17766	8	27.977
165	4959	9	27.6238
165	14377	10	27.6136
166	4826	1	30.0679
166	1943	2	26.9966
166	19366	3	26.5645
166	9063	4	26.4739
166	2092	5	25.9144
166	5207	6	25.7914
166	12641	7	24.5047
166	1861	8	24.4324
166	10315	9	24.2953
166	8827	10	23.4533
167	8240	1	27.7811
167	18833	2	27.0099
167	25426	3	26.7228
167	183	4	26.5727
167	8239	5	26.4117
167	15104	6	26.3705
167	1144	7	26.3259
167	3835	8	25.7995
167	4732	9	25.6244
167	7190	10	25.4757
168	4879	1	26.8342
168	19561	2	26.0591
168	10627	3	26.0578
168	3095	4	25.4179
168	14874	5	24.7894
168	25150	6	24.323
168	18472	7	23.9021
168	5378	8	23.6612
168	8130	9	23.5096
168	8863	10	23.5087
169	4906	1	33.4163
169	22105	2	32.1784
169	2657	3	30.6183
169	4962	4	30.6022
169	4907	5	30.1174
169	4909	6	29.9684
169	10473	7	29.8315
169	16577	8	29.6411
169	5637	9	29.2038
169	4763	10	29.1905
170	14856	1	29.7519
170	23816	2	26.7025
170	17403	3	25.8779
170	21341	4	25.4685
170	15851	5	24.6604
170	3002	6	24.4927
170	15543	7	24.052
170	6902	8	24.007
170	11836	9	23.9712
170	4737	10	23.9631
171	20345	1	30.8324
171	4963	2	29.8593
171	141	3	27.9345
171	5734	4	26.9367
171	14559	5	26.4571
171	1651	6	26.2424
171	24449	7	26.1674
171	18888	8	25.1153
171	13618	9	24.9408
171	20592	10	24.8067
172	7737	1	32.6419
172	4991	2	32.4816
172	15428	3	31.9403
172	2009	4	31.6003
172	17211	5	31.5177
172	19837	6	31.4534
172	7221	7	31.394
172	21524	8	31.3713
172	17040	9	31.2776
172	17985	10	31.1303
173	1693	1	24.2678
173	1021	2	23.938
173	3803	3	23.5125
173	7225	4	23.439
173	11319	5	23.3451
173	22683	6	23.2655
173	10592	7	23.165
173	1973	8	23.0181
173	7439	9	22.8557
173	7228	10	22.6702
174	4365	1	32.5896
174	17946	2	27.9014
174	5048	3	26.5663
174	2121	4	25.8727
174	7719	5	25.7532
174	16286	6	25.564
174	8581	7	25.2578
174	10866	8	25.1514
174	25198	9	25.0009
174	9039	10	24.8907
175	25450	1	29.9429
175	10246	2	28.25
175	5668	3	28.0552
175	16682	4	27.6359
175	7953	5	27.4334
175	3006	6	27.0379
175	19152	7	27.0054
175	6408	8	26.971
175	10403	9	26.9364
175	6022	10	26.6548
176	9502	1	34.8235
176	25606	2	34.6804
176	1695	3	34.5349
176	5747	4	33.2238
176	4391	5	32.4723
176	2433	6	32.3854
176	21456	7	31.8083
176	11257	8	31.7525
176	5294	9	31.7409
176	2855	10	31.4078
177	5130	1	36.8836
177	13088	2	35.5441
177	16948	3	31.1277
177	7133	4	30.8306
177	5133	5	30.2904
177	5131	6	29.4903
177	23664	7	28.5404
177	18305	8	28.4283
177	5132	9	27.8281
177	13132	10	27.6403
178	24995	1	27.63
178	21839	2	27.2901
178	14935	3	26.72
178	5641	4	25.7835
178	21478	5	25.6959
178	7400	6	25.1799
178	8272	7	25.0845
178	953	8	24.0447
178	8472	9	23.7887
178	21520	10	23.615
179	23262	1	26.8885
179	4778	2	25.5058
179	3889	3	25.1151
179	14430	4	24.4724
179	3065	5	23.7955
179	25095	6	23.5721
179	7296	7	23.1227
179	5191	8	23.1159
179	13574	9	22.6186
179	12886	10	22.3241
180	5218	1	36.3673
180	11872	2	35.9781
180	21092	3	34.9581
180	5288	4	34.2069
180	18855	5	33.9426
180	2567	6	33.6996
180	18187	7	33.6375
180	17924	8	33.3769
180	8376	9	33.3251
180	24737	10	32.8561
181	18501	1	23.0526
181	707	2	22.6628
181	12931	3	22.1229
181	20014	4	22.076
181	19117	5	22.0018
181	19465	6	21.8782
181	20988	7	21.7844
181	5196	8	21.6137
181	11547	9	21.4287
181	2955	10	21.3832
182	5271	1	33.7013
182	17151	2	33.0313
182	5274	3	32.4076
182	16569	4	31.5673
182	5275	5	31.2745
182	17640	6	31.2076
182	15703	7	31.1815
182	17263	8	30.9529
182	16958	9	30.8645
182	17906	10	30.5164
183	5301	1	35.3456
183	13210	2	30.3216
183	11531	3	28.2195
183	15786	4	24.6829
183	2175	5	23.5372
183	4513	6	23.2329
183	24937	7	22.9924
183	3852	8	22.9433
183	3639	9	22.7191
183	20648	10	22.7104
184	9499	1	30.1803
184	5761	2	27.5259
184	5333	3	25.8418
184	17141	4	24.9404
184	12339	5	24.1929
184	16304	6	24.1425
184	18625	7	24.0989
184	15582	8	24.0317
184	18312	9	23.7288
184	21531	10	23.4966
185	5361	1	28.7592
185	5362	2	23.6749
185	21504	3	19.4492
185	14504	4	18.9603
185	5360	5	18.6291
185	19486	6	18.371
185	11055	7	17.4634
185	443	8	16.8975
185	10162	9	16.8576
185	14133	10	16.3393
186	6284	1	32.5959
186	18443	2	31.1823
186	2128	3	30.9329
186	20243	4	30.2781
186	1501	5	28.7525
186	7441	6	28.3293
186	17844	7	28.1801
186	20111	8	28.0352
186	21107	9	28.0151
186	21179	10	27.8722
187	5419	1	33.2234
187	6835	2	32.245
187	1266	3	31.3691
187	3193	4	30.2776
187	7540	5	30.1265
187	9201	6	29.9662
187	12898	7	29.2029
187	21489	8	28.6683
187	23508	9	28.5285
187	20143	10	28.5031
188	13507	1	21.7735
188	6118	2	21.4194
188	5229	3	21.0823
188	7279	4	19.6266
188	3523	5	19.4137
188	20250	6	19.0892
188	21364	7	19.0097
188	17187	8	18.9637
188	12656	9	18.9316
188	15997	10	18.8454
189	18173	1	27.0608
189	4357	2	26.8024
189	22323	3	25.466
189	14085	4	25.4084
189	21436	5	24.7767
189	7083	6	24.2761
189	10039	7	24.0491
189	16269	8	23.991
189	9349	9	23.9183
189	23683	10	23.5905
190	881	1	31.0118
190	13343	2	27.5748
190	4420	3	26.3188
190	4984	4	26.0206
190	8818	5	25.9774
190	5343	6	25.6167
190	5498	7	25.5448
190	16413	8	25.1829
190	5500	9	24.9855
190	4158	10	24.8435
191	4281	1	31.988
191	5528	2	29.0744
191	8818	3	26.1381
191	13795	4	25.9343
191	7706	5	25.4121
191	6461	6	25.3862
191	13343	7	25
191	23702	8	24.81
191	18331	9	24.5725
191	25193	10	24.4962
192	4007	1	32.5775
192	24480	2	26.6533
192	3995	3	26.0228
192	17781	4	25.7903
192	1177	5	25.6908
192	13790	6	25.6388
192	16857	7	25.4472
192	5064	8	25.3834
192	4289	9	25.2895
192	9752	10	25.2183
193	8031	1	32.3329
193	5588	2	30.9461
193	23983	3	30.9314
193	5453	4	29.7797
193	20824	5	29.7308
193	5482	6	29.3054
193	12505	7	28.7923
193	9673	8	27.9817
193	5711	9	27.3829
193	9525	10	27.1761
194	5614	1	35.0959
194	4245	2	33.4715
194	20829	3	32.8273
194	18493	4	32.732
194	18447	5	32.0986
194	24023	6	32.0979
194	23094	7	31.8345
194	8511	8	31.6914
194	15690	9	31.3256
194	21609	10	31.2135
195	3074	1	37.7446
195	6118	2	37.1789
195	6120	3	34.9158
195	5642	4	34.7601
195	16959	5	34.3673
195	22941	6	33.6557
195	22365	7	33.3598
195	4406	8	32.5633
195	7952	9	32.349
195	22708	10	32.1411
196	23780	1	29.9904
196	21662	2	28.2655
196	8681	3	28.2492
196	10738	4	24.8445
196	9258	5	24.6699
196	6915	6	24.6407
196	11817	7	24.4101
196	19274	8	24.3129
196	15431	9	24.1877
196	414	10	23.7931
197	20486	1	29.6726
197	3353	2	29.2575
197	14513	3	28.4418
197	5699	4	28.0164
197	4921	5	27.8229
197	11009	6	27.0226
197	12883	7	26.8291
197	3109	8	26.574
197	841	9	26.1853
197	3354	10	26.141
198	23968	1	38.7628
198	5726	2	38.5987
198	5724	3	36.8344
198	2707	4	35.8432
198	17791	5	34.748
198	22410	6	33.9067
198	12633	7	33.727
198	2623	8	33.428
198	21920	9	33.3319
198	16092	10	33.2692
199	7933	1	38.5426
199	9530	2	32.3481
199	379	3	32.0147
199	10569	4	29.866
199	2828	5	27.1152
199	16728	6	26.9109
199	17136	7	26.2816
199	6969	8	25.3925
199	24425	9	25.2775
199	25293	10	24.3897
200	20716	1	28.3544
200	19986	2	26.3833
200	11052	3	25.8511
200	18953	4	25.8027
200	16602	5	25.6835
200	13317	6	25.5805
200	13325	7	25.1298
200	2843	8	24.6361
200	7472	9	24.556
200	9854	10	24.474
201	18970	1	34.1603
201	5711	2	30.0488
201	5809	3	29.5773
201	6657	4	29.2623
201	7442	5	29.0474
201	3550	6	28.7314
201	22296	7	28.7041
201	19188	8	28.3493
201	5026	9	28.3271
201	22465	10	28.1727
202	5838	1	24.2844
202	9246	2	23.9329
202	21360	3	23.0262
202	1900	4	22.9499
202	23280	5	22.8882
202	3216	6	22.6183
202	6143	7	22.5856
202	8503	8	22.4559
202	1985	9	22.3983
202	23384	10	22.3889
203	10102	1	28.543
203	8102	2	27.0871
203	13490	3	26.7945
203	5670	4	26.6377
203	2273	5	26.0924
203	23761	6	25.5479
203	23260	7	25.3905
203	7127	8	25.3522
203	22123	9	24.9411
203	13492	10	24.3748
204	21996	1	28.5808
204	21995	2	28.1409
204	16523	3	26.869
204	18024	4	26.5536
204	8593	5	26.465
204	7634	6	26.255
204	14144	7	26.1179
204	18545	8	25.8653
204	1498	9	25.7898
204	14050	10	25.7545
205	5920	1	30.4343
205	15079	2	30.2111
205	10809	3	28.2436
205	5922	4	28.0279
205	3793	5	25.4588
205	17811	6	25.4231
205	2830	7	24.5127
205	16268	8	24.4611
205	9500	9	24.219
205	15503	10	24.1128
206	5288	1	28.3348
206	5835	2	28.1823
206	15637	3	27.621
206	11007	4	27.5477
206	8638	5	27.4016
206	25449	6	26.8968
206	2697	7	26.749
206	2078	8	26.6184
206	8635	9	26.5584
206	6722	10	26.4592
207	20751	1	40.0258
207	14930	2	39.2535
207	17709	3	38.6118
207	8569	4	37.6011
207	12041	5	37.4974
207	7358	6	37.4653
207	20749	7	37.3513
207	13162	8	37.0777
207	20975	9	36.8439
207	1346	10	36.6566
208	6007	1	36.302
208	16947	2	35.2723
208	13479	3	34.0227
208	1312	4	33.3322
208	1679	5	32.165
208	17150	6	31.9044
208	19488	7	31.6812
208	2558	8	31.6681
208	16365	9	31.5675
208	5019	10	31.185
209	6033	1	29.0728
209	6036	2	27.5085
209	3641	3	27.4539
209	1645	4	26.6478
209	3828	5	26.3808
209	5036	6	26.252
209	18517	7	26.2444
209	7552	8	25.9527
209	9238	9	25.8724
209	2278	10	25.3386
210	14066	1	27.4133
210	15061	2	21.8705
210	9854	3	21.8226
210	5743	4	21.6192
210	7396	5	20.8291
210	11052	6	20.7215
210	1353	7	20.4345
210	16889	8	20.3813
210	10225	9	20.3794
210	10816	10	20.3767
211	19812	1	30.7656
211	8535	2	25.6753
211	11127	3	24.1602
211	24353	4	22.8514
211	21502	5	22.6155
211	11009	6	22.563
211	11092	7	22.4947
211	1854	8	22.3399
211	5239	9	21.4697
211	6255	10	21.3904
212	25274	1	28.2034
212	9855	2	26.5981
212	6761	3	26.5378
212	25243	4	24.8921
212	17600	5	24.7378
212	2472	6	24.5622
212	20272	7	24.3849
212	8994	8	24.1312
212	18251	9	23.845
212	5855	10	23.597
213	4280	1	31.5945
213	19651	2	30.1594
213	14485	3	29.4138
213	11086	4	29.2275
213	14063	5	28.6437
213	1341	6	28.5935
213	24534	7	28.295
213	19076	8	27.9756
213	11384	9	27.9241
213	18740	10	27.8662
214	6174	1	29.5437
214	12582	2	29.3421
214	22227	3	29.2923
214	23649	4	28.9308
214	18135	5	28.5316
214	15036	6	27.9838
214	6763	7	27.8126
214	21069	8	27.7878
214	11844	9	27.3278
214	1371	10	27.3226
215	13270	1	34.9764
215	10973	2	32.9685
215	6204	3	30.6467
215	12621	4	29.562
215	22776	5	28.3206
215	3377	6	28.1091
215	13815	7	28.0429
215	24440	8	27.6877
215	6187	9	27.5165
215	10941	10	27.4603
216	23849	1	35.7406
216	2975	2	28.2378
216	14015	3	27.1913
216	12883	4	26.9972
216	16574	5	26.807
216	22223	6	26.783
216	18331	7	26.6855
216	10914	8	26.5825
216	15204	9	26.5674
216	23270	10	26.3183
217	18896	1	32.8578
217	6341	2	32.3701
217	12558	3	32.2475
217	799	4	31.627
217	2932	5	31.5931
217	11229	6	30.9483
217	2400	7	30.9191
217	21529	8	30.6411
217	12130	9	30.6057
217	14993	10	30.506
218	20930	1	30.1313
218	6287	2	27.1113
218	1269	3	25.2453
218	22785	4	24.0828
218	6289	5	22.4637
218	15219	6	21.6254
218	19271	7	21.2963
218	11817	8	20.9757
218	664	9	20.9072
218	14788	10	20.7218
219	15068	1	29.4713
219	16659	2	27.5068
219	6314	3	25.6516
219	6485	4	24.7307
219	11737	5	24.2777
219	4642	6	24.0419
219	15069	7	23.5925
219	15698	8	23.2872
219	8337	9	22.511
219	12028	10	22.4324
220	6416	1	25.0713
220	16174	2	24.3391
220	22888	3	22.8273
220	17590	4	22.7163
220	16903	5	22.6891
220	5503	6	22.6813
220	24985	7	22.499
220	22499	8	22.4158
220	3068	9	22.3546
220	5632	10	22.2799
221	802	1	28.4804
221	25307	2	28.1575
221	16924	3	27.3637
221	10753	4	27.0865
221	9220	5	26.7051
221	12197	6	26.6661
221	6097	7	26.5018
221	1670	8	26.4852
221	4934	9	26.4653
221	24189	10	26.1353
222	6403	1	32.4325
222	2185	2	29.7787
222	21482	3	29.7012
222	9603	4	29.6322
222	17574	5	28.4689
222	20742	6	28.3249
222	21568	7	27.5153
222	20900	8	27.5083
222	22333	9	27.3162
222	3853	10	27.2619
223	11033	1	24.8279
223	12808	2	23.4409
223	21009	3	21.7271
223	8042	4	20.1789
223	19592	5	20.0908
223	22048	6	19.3657
223	18076	7	19.3531
223	6312	8	19.305
223	1261	9	19.2827
223	802	10	19.1999
224	6456	1	28.5175
224	19870	2	23.5172
224	15072	3	23.1441
224	6458	4	22.8727
224	4211	5	22.6478
224	17141	6	22.6445
224	7571	7	22.2395
224	12186	8	22.0725
224	22106	9	21.735
224	20851	10	21.4986
225	5824	1	30.8656
225	18811	2	30.8011
225	18150	3	30.2274
225	4642	4	29.7988
225	7797	5	29.6606
225	15698	6	29.5953
225	21410	7	29.366
225	15276	8	29.0454
225	3793	9	28.7582
225	22232	10	28.4874
226	21615	1	29.0141
226	15110	2	28.582
226	7058	3	28.5437
226	1942	4	27.5114
226	4616	5	27.3734
226	16902	6	26.8813
226	573	7	26.1741
226	18577	8	25.9436
226	15112	9	25.9006
226	23824	10	25.6798
227	6708	1	28.3897
227	24579	2	27.952
227	21195	3	27.5119
227	23143	4	26.8267
227	25236	5	26.7725
227	22908	6	26.6139
227	18583	7	26.3609
227	23697	8	26.3116
227	2895	9	26.2636
227	20307	10	26.26
228	25092	1	31.4904
228	12450	2	30.8752
228	4490	3	27.6806
228	14383	4	27.6074
228	22370	5	24.7779
228	8087	6	24.7458
228	13571	7	24.7385
228	23235	8	24.3492
228	13441	9	24.2628
228	9291	10	24.1635
229	16379	1	34.3637
229	6600	2	31.94
229	8900	3	27.1863
229	11053	4	26.5628
229	6603	5	24.0403
229	11080	6	23.52
229	22237	7	23.3103
229	15493	8	23.0734
229	16162	9	22.9917
229	7564	10	22.6835
230	6629	1	28.7341
230	25006	2	28.3612
230	3241	3	26.9185
230	16586	4	26.0837
230	8170	5	25.3396
230	22664	6	25.2477
230	7207	7	24.938
230	8920	8	24.659
230	22219	9	24.5074
230	11152	10	24.475
231	8569	1	31.8585
231	17709	2	30.7685
231	20750	3	29.0651
231	9886	4	28.6866
231	20975	5	28.4951
231	14760	6	27.9958
231	3159	7	27.4219
231	1346	8	26.9817
231	5977	9	26.6881
231	3383	10	26.5114
232	14815	1	28.0681
232	23546	2	24.247
232	25614	3	23.8944
232	23700	4	23.89
232	22426	5	23.6908
232	16869	6	23.2303
232	16582	7	23.1304
232	7420	8	23.1239
232	3544	9	22.6746
232	18918	10	22.326
233	11270	1	30.1282
233	10421	2	28.3989
233	853	3	27.9299
233	18531	4	27.719
233	17942	5	27.0964
233	4413	6	26.7547
233	3238	7	26.6026
233	2245	8	26.4914
233	2001	9	26.4791
233	4239	10	26.1052
234	4051	1	29.6534
234	22232	2	28.0302
234	5422	3	27.0592
234	24688	4	27.0491
234	3241	5	26.7772
234	9082	6	26.7336
234	16636	7	26.66
234	24597	8	26.5013
234	25045	9	26.4606
234	4339	10	25.9046
235	12859	1	29.2376
235	24012	2	27.2231
235	15747	3	25.2197
235	22574	4	25.1436
235	19630	5	24.7083
235	21017	6	24.2001
235	23540	7	23.9516
235	15749	8	23.9339
235	1092	9	23.9264
235	14168	10	23.8156
236	18217	1	26.7679
236	362	2	24.549
236	13384	3	23.8814
236	16518	4	22.3782
236	9017	5	22.2602
236	4957	6	21.5491
236	15640	7	21.0291
236	11602	8	20.769
236	15795	9	20.1791
236	14343	10	19.9502
237	18257	1	23.7549
237	13628	2	21.3389
237	8564	3	20.1151
237	22229	4	19.9329
237	8266	5	18.9026
237	8522	6	18.1495
237	3616	7	17.5534
237	184	8	17.537
237	15219	9	17.4016
237	25491	10	17.367
238	20228	1	24.0289
238	13372	2	23.8672
238	16525	3	22.9763
238	21147	4	21.521
238	685	5	21.3617
238	5807	6	20.9329
238	8882	7	20.8496
238	22963	8	20.738
238	24698	9	20.6106
238	12293	10	20.3877
239	22071	1	31.8923
239	25337	2	30.1216
239	15619	3	30.0235
239	12596	4	29.8501
239	6875	5	29.4773
239	20146	6	29.4031
239	5348	7	28.8038
239	8747	8	28.7111
239	25070	9	28.5369
239	18059	10	28.5317
240	6903	1	32.4903
240	8114	2	30.54
240	22090	3	29.0395
240	15349	4	28.7351
240	13700	5	28.693
240	16995	6	27.6556
240	7216	7	27.5564
240	16145	8	27.3459
240	22460	9	26.8207
240	22091	10	26.605
241	2474	1	29.708
241	19017	2	29.1815
241	23187	3	28.8333
241	22703	4	28.5206
241	15619	5	26.8632
241	9321	6	26.5663
241	19926	7	25.9867
241	25614	8	25.6127
241	14193	9	25.0244
241	1105	10	24.8149
242	6960	1	25.3707
242	9981	2	23.4263
242	10636	3	22.5452
242	22328	4	21.549
242	4106	5	21.0064
242	11727	6	20.6524
242	23697	7	20.3366
242	15572	8	20.1621
242	19970	9	19.9156
242	21021	10	19.7991
243	485	1	36.2827
243	24355	2	33.5079
243	16773	3	32.7866
243	19464	4	32.3247
243	14192	5	31.5331
243	19985	6	31.4681
243	25404	7	31.3972
243	4462	8	31.1161
243	1511	9	31.116
243	16737	10	30.6302
244	7646	1	22.8362
244	4173	2	21.5644
244	8373	3	20.8331
244	15519	4	20.544
244	4164	5	18.563
244	15177	6	18.4661
244	19655	7	18.432
244	18959	8	18.41
244	19638	9	18.3367
244	413	10	18.1951
245	16030	1	29.7927
245	1479	2	27.5584
245	4853	3	27.0294
245	11056	4	26.8154
245	7037	5	25.4909
245	6045	6	25.2928
245	19448	7	25.2452
245	17858	8	25.0196
245	2255	9	24.9932
245	3239	10	24.9117
246	2235	1	26.6768
246	24657	2	25.7427
246	16318	3	25.6714
246	17243	4	25.0213
246	1577	5	24.9358
246	16745	6	24.8723
246	5826	7	24.7042
246	10058	8	24.694
246	13218	9	24.5005
246	17115	10	24.3872
247	11510	1	31.1976
247	24689	2	30.9693
247	21214	3	30.5954
247	6440	4	30.3605
247	12258	5	30.1639
247	16115	6	30.0362
247	18776	7	29.7338
247	24302	8	29.3878
247	7301	9	29.1698
247	1736	10	29.0017
248	12842	1	25.3773
248	19979	2	24.8449
248	7723	3	24.754
248	14907	4	24.3804
248	10385	5	24.1868
248	16832	6	24.1605
248	5343	7	23.9595
248	19959	8	23.6043
248	24650	9	23.5449
248	12770	10	23.4192
249	23884	1	39.8686
249	4863	2	32.4469
249	8931	3	31.3923
249	6000	4	30.4508
249	7027	5	30.3583
249	14892	6	29.0735
249	10216	7	28.212
249	10245	8	28.1556
249	4326	9	27.666
249	14244	10	27.4709
250	16090	1	26.2549
250	18506	2	26.0074
250	2567	3	25.8929
250	7326	4	25.5633
250	8710	5	25.4215
250	20183	6	25.3619
250	7718	7	24.4625
250	10790	8	24.385
250	11871	9	23.9691
250	13531	10	23.8998
251	7198	1	27.1715
251	7196	2	26.1598
251	2174	3	22.2371
251	16602	4	21.1981
251	4706	5	20.6612
251	7197	6	19.8707
251	16009	7	19.7214
251	447	8	19.3509
251	11200	9	19.3109
251	1176	10	18.7296
252	4428	1	31.2843
252	1021	2	28.9554
252	38	3	28.6942
252	1973	4	26.8902
252	21549	5	26.8295
252	10263	6	26.1541
252	16303	7	26.1464
252	21851	8	25.8536
252	14761	9	25.7323
252	8519	10	25.6617
253	6474	1	34.3439
253	6883	2	32.0219
253	7252	3	29.6679
253	12297	4	29.4792
253	4094	5	29.3743
253	21745	6	29.117
253	10249	7	29.0261
253	7251	8	28.7432
253	25535	9	27.6486
253	12671	10	27.1083
254	7281	1	36.7918
254	5956	2	35.4957
254	199	3	32.4466
254	18673	4	32.0038
254	17528	5	30.504
254	9761	6	28.5422
254	18157	7	28.3179
254	24135	8	27.7905
254	20405	9	27.6647
254	7280	10	27.6308
255	7309	1	35.813
255	9365	2	30.6226
255	16561	3	29.2043
255	7311	4	29.135
255	13112	5	28.704
255	7310	6	28.1492
255	639	7	27.7342
255	7312	8	27.0544
255	8097	9	25.8737
255	8864	10	25.3314
256	5298	1	28.4719
256	20941	2	27.9181
256	8330	3	27.5745
256	6568	4	26.8184
256	2455	5	26.7025
256	11871	6	26.6027
256	12360	7	26.5123
256	2728	8	26.345
256	6285	9	26.2877
256	21869	10	26.2261
257	7364	1	31.6067
257	9877	2	30.9358
257	9825	3	30.0414
257	2387	4	29.0056
257	21646	5	28.3777
257	19826	6	28.3668
257	2308	7	26.3304
257	14364	8	26.2544
257	18823	9	26.2414
257	25528	10	25.5653
258	7098	1	32.1689
258	13009	2	26.8172
258	16019	3	25.0356
258	13626	4	24.9172
258	1780	5	24.8552
258	4318	6	24.7231
258	5940	7	24.6413
258	5643	8	24.4929
258	8776	9	24.445
258	16020	10	24.0306
259	24204	1	34.0958
259	10766	2	29.7506
259	13532	3	29.7148
259	11327	4	29.6657
259	10391	5	29.2562
259	6307	6	29.1423
259	17091	7	28.893
259	19960	8	28.8469
259	13782	9	28.6313
259	14640	10	28.4948
260	16608	1	30.1579
260	7401	2	28.7352
260	17717	3	28.6475
260	24819	4	28.6469
260	19780	5	28.1487
260	18596	6	27.2757
260	7278	7	26.7143
260	9297	8	26.061
260	7445	9	25.8514
260	23378	10	25.8426
261	25	1	28.4567
261	14011	2	27.9092
261	3141	3	27.5955
261	25625	4	27.3286
261	18931	5	27.3016
261	7372	6	27.2294
261	13703	7	26.7478
261	2265	8	26.3931
261	7474	9	26.3117
261	15506	10	26.2336
262	10515	1	27.5442
262	3869	2	27.5148
262	20488	3	27.0433
262	18527	4	26.9591
262	6598	5	26.4973
262	23512	6	26.2023
262	7505	7	26.0145
262	22827	8	25.8266
262	20312	9	25.7954
262	12753	10	25.6988
263	7891	1	31.2238
263	22003	2	30.9526
263	24087	3	30.6193
263	23614	4	29.4028
263	6326	5	29.1987
263	17951	6	29.1838
263	19733	7	28.8508
263	18924	8	27.4018
263	24950	9	27.1496
263	18875	10	26.7853
264	7563	1	31.2261
264	7559	2	26.6246
264	4386	3	23.2753
264	15006	4	22.2902
264	19077	5	22.2078
264	1793	6	22.1041
264	21356	7	22.0969
264	15730	8	22.0558
264	20427	9	21.9672
264	17792	10	21.6429
265	11914	1	24.2205
265	4567	2	24.0385
265	13530	3	23.258
265	22945	4	23.2252
265	17404	5	23.0348
265	18428	6	22.912
265	11167	7	22.8589
265	23434	8	22.4032
265	15409	9	22.1011
265	8604	10	22.0466
266	13176	1	27.3656
266	13474	2	27.1011
266	23512	3	26.7088
266	7615	4	26.6738
266	22836	5	26.4241
266	8312	6	26.3351
266	4538	7	26.2562
266	1081	8	25.7965
266	24526	9	25.7869
266	4383	10	25.7666
267	19712	1	25.8287
267	19832	2	25.5972
267	25046	3	25.4344
267	16207	4	25.2635
267	4727	5	25.2368
267	7405	6	25.1191
267	24144	7	24.4796
267	13380	8	24.2976
267	7246	9	24.2885
267	13872	10	24.198
268	11006	1	37.4997
268	7672	2	36.023
268	7674	3	33.7438
268	12349	4	33.0456
268	15826	5	31.8621
268	5199	6	31.7714
268	13446	7	31.6525
268	3028	8	31.3526
268	12320	9	30.6777
268	7671	10	28.8635
269	23821	1	30.7193
269	17204	2	29.8369
269	4904	3	28.2409
269	4781	4	27.6426
269	7470	5	27.2075
269	16212	6	26.8411
269	9403	7	26.3369
269	5016	8	25.5732
269	585	9	25.1175
269	11173	10	25.076
270	7727	1	26.2121
270	15799	2	25.2321
270	19252	3	24.0952
270	883	4	23.8888
270	11870	5	23.8327
270	989	6	23.5549
270	9338	7	23.3884
270	2887	8	23.1591
270	3128	9	22.9813
270	16516	10	22.6292
271	17086	1	31.27
271	7757	2	28.1915
271	23570	3	26.86
271	19176	4	23.4188
271	3634	5	23.2429
271	11497	6	21.6764
271	6081	7	21.3728
271	11460	8	21.1021
271	23713	9	20.7873
271	7758	10	20.0278
272	1932	1	40.8543
272	12286	2	40.6922
272	7787	3	38.9734
272	7788	4	38.2569
272	8645	5	37.2969
272	2080	6	37.2394
272	1755	7	37.1376
272	13149	8	36.5295
272	9413	9	36.3047
272	7791	10	36.1007
273	3059	1	30.9052
273	2081	2	29.3252
273	10647	3	29.1653
273	4950	4	29.071
273	19897	5	28.9545
273	24852	6	28.0484
273	21454	7	27.9765
273	23562	8	27.8302
273	3440	9	27.4954
273	15217	10	27.402
274	12647	1	31.4496
274	9058	2	29.0716
274	6389	3	27.2414
274	9059	4	25.6586
274	21617	5	24.8449
274	2004	6	24.5752
274	19714	7	24.2817
274	25413	8	24.178
274	8467	9	23.7833
274	15509	10	23.6579
275	17840	1	29.5626
275	24638	2	27.203
275	2488	3	27.1261
275	17696	4	26.9381
275	12523	5	26.8901
275	17138	6	26.3
275	4425	7	25.2649
275	21294	8	25.2254
275	3658	9	25.217
275	12569	10	25.0772
276	12167	1	27.4989
276	7735	2	26.4877
276	18647	3	26.392
276	5625	4	26.3492
276	95	5	26.3293
276	543	6	26.2974
276	7895	7	26.0135
276	3803	8	25.8764
276	2432	9	25.7042
276	20084	10	25.5134
277	19954	1	31.251
277	17302	2	30.8665
277	20857	3	29.9899
277	14776	4	29.9786
277	8835	5	29.825
277	746	6	29.1245
277	21105	7	29.0998
277	4260	8	28.2961
277	6050	9	28.213
277	11773	10	28.1819
278	18659	1	25.4607
278	5338	2	22.5298
278	21022	3	22.1039
278	5257	4	22.1017
278	1669	5	22.0531
278	10915	6	21.968
278	7432	7	21.8919
278	23520	8	21.5694
278	2593	9	21.4169
278	21565	10	21.2248
279	15874	1	26.0796
279	7359	2	24.1832
279	25347	3	23.4931
279	4222	4	23.3306
279	6327	5	23.2645
279	18474	6	22.444
279	4121	7	21.5715
279	12934	8	21.4748
279	25243	9	21.4653
279	21113	10	21.3902
280	16124	1	19.7164
280	7070	2	19.678
280	25497	3	18.3229
280	8007	4	18.2855
280	24271	5	17.582
280	15776	6	17.4232
280	15203	7	16.3059
280	24683	8	16.0784
280	19787	9	16.0111
280	3850	10	15.9981
281	2831	1	37.0057
281	18306	2	36.2649
281	20889	3	33.2682
281	21742	4	33.1056
281	10522	5	32.7552
281	19423	6	32.3544
281	17293	7	32.2862
281	2593	8	30.9644
281	14113	9	30.3794
281	21743	10	29.0244
282	24226	1	35.6829
282	1408	2	32.3705
282	5642	3	32.0415
282	14400	4	31.6027
282	13844	5	30.8086
282	3162	6	30.3832
282	19358	7	30.0769
282	24936	8	28.8479
282	24146	9	28.8229
282	16735	10	28.7064
283	23287	1	28.5991
283	18428	2	26.0063
283	4662	3	25.2712
283	16941	4	24.4201
283	8087	5	24.2149
283	6398	6	24.0189
283	15782	7	23.2526
283	18327	8	23.2176
283	6691	9	22.661
283	5743	10	22.6376
284	15599	1	36.9949
284	17378	2	31.425
284	8113	3	29.3001
284	15601	4	29.0477
284	17727	5	28.4129
284	18599	6	27.6666
284	5544	7	27.2644
284	25398	8	26.5769
284	24689	9	26.5652
284	3088	10	26.5187
285	16313	1	34.7116
285	17237	2	33.9604
285	23212	3	32.5345
285	5441	4	31.7519
285	3716	5	31.7
285	4925	6	31.5623
285	6811	7	31.4112
285	3306	8	31.3407
285	8176	9	31.2258
285	19485	10	31.0289
286	24966	1	24.9274
286	22007	2	24.3656
286	21084	3	23.7667
286	20761	4	23.6973
286	20296	5	23.6684
286	2759	6	23.2644
286	5453	7	22.9428
286	8490	8	22.9099
286	1271	9	22.9092
286	18638	10	22.8325
287	17458	1	30.1063
287	7744	2	29.6987
287	5374	3	29.6952
287	1624	4	29.6242
287	15747	5	29.4017
287	530	6	29.3923
287	17234	7	29.0075
287	16805	8	28.8411
287	22783	9	28.8041
287	16439	10	28.7627
288	15742	1	31.2445
288	14592	2	25.1787
288	15602	3	24.9684
288	4134	4	24.8415
288	19583	5	24.1999
288	10995	6	24.0146
288	12268	7	23.7258
288	3613	8	23.6688
288	17382	9	23.6175
288	25086	10	23.1827
289	16180	1	24.5237
289	4936	2	24.5096
289	15161	3	22.695
289	9186	4	22.3215
289	1126	5	22.2934
289	9979	6	22.1508
289	12900	7	21.9664
289	4508	8	21.3744
289	3550	9	21.3673
289	11814	10	21.2387
290	8266	1	29.3382
290	9202	2	27.0627
290	20279	3	26.529
290	12511	4	26.0755
290	8267	5	26.0447
290	8270	6	25.7539
290	11280	7	25.5113
290	23868	8	25.3239
290	874	9	24.9577
290	12508	10	24.9538
291	19836	1	27.7109
291	22459	2	27.2361
291	17993	3	26.1474
291	24797	4	25.7907
291	5113	5	25.7166
291	18096	6	25.707
291	15619	7	25.3826
291	6554	8	25.3374
291	19814	9	25.2418
291	12599	10	25.199
292	11870	1	25.1828
292	13855	2	24.2762
292	16110	3	23.9509
292	8320	4	23.7687
292	7893	5	23.3716
292	760	6	23.1277
292	5416	7	23.124
292	9626	8	22.8736
292	4547	9	22.7849
292	3481	10	22.7353
293	8347	1	28.8613
293	12628	2	28.7192
293	20933	3	28.218
293	8344	4	27.8604
293	7844	5	27.8498
293	20363	6	27.7429
293	13235	7	27.3891
293	6291	8	25.5375
293	9730	9	24.9787
293	17507	10	24.7582
294	8372	1	28.1564
294	23696	2	27.4009
294	5814	3	27.1873
294	23900	4	25.2337
294	22500	5	23.9322
294	2120	6	23.8507
294	12539	7	23.1329
294	3239	8	23.0279
294	19455	9	22.9891
294	11708	10	22.6875
295	9284	1	29.2731
295	13027	2	28.7685
295	1653	3	28.0977
295	1774	4	26.84
295	8753	5	26.6874
295	1376	6	26.3541
295	19059	7	26.341
295	19225	8	26.2448
295	2490	9	25.9487
295	3692	10	25.7502
296	2075	1	34.4282
296	19509	2	34.0639
296	15774	3	33.9849
296	10744	4	33.8579
296	7795	5	33.3815
296	9872	6	33.3321
296	13279	7	33.0841
296	2940	8	32.7354
296	478	9	32.6865
296	13945	10	32.6478
297	25589	1	30.9628
297	12044	2	30.1864
297	19409	3	29.7806
297	12780	4	29.5011
297	1022	5	29.4416
297	12305	6	29.4186
297	20763	7	29.2535
297	22098	8	29.0264
297	6019	9	28.9783
297	15506	10	28.7812
298	17429	1	27.1101
298	2903	2	26.9029
298	9676	3	25.2635
298	22528	4	24.811
298	11581	5	24.4844
298	1781	6	24.3548
298	16572	7	24.3455
298	7492	8	24.1125
298	12694	9	24.0982
298	17378	10	23.7261
299	22827	1	30.4908
299	8502	2	30.448
299	14379	3	30.2292
299	7001	4	28.4696
299	8501	5	28.1746
299	9473	6	27.7638
299	23106	7	27.6409
299	7968	8	27.3711
299	8974	9	27.2248
299	9070	10	27.0751
300	8527	1	35.9255
300	8528	2	34.4466
300	11871	3	33.5953
300	494	4	32.4724
300	5806	5	32.2211
300	12249	6	30.8757
300	22134	7	28.8165
300	30	8	28.8158
300	8485	9	28.5398
300	14216	10	27.6451
301	14811	1	37.0763
301	12009	2	36.9516
301	8554	3	36.6157
301	3966	4	31.9461
301	16285	5	31.7978
301	24351	6	31.1612
301	10892	7	30.6142
301	14422	8	29.1132
301	15604	9	28.6608
301	24461	10	28.0172
302	18378	1	34.5723
302	21792	2	33.1454
302	18489	3	31.2557
302	10522	4	30.8928
302	2489	5	30.3114
302	23021	6	29.9104
302	6396	7	29.7246
302	6334	8	29.5723
302	14308	9	28.9296
302	10667	10	28.9224
303	20019	1	29.8404
303	21743	2	27.2549
303	14741	3	27.1985
303	25075	4	26.7756
303	1031	5	26.3265
303	1086	6	26.306
303	20556	7	26.2256
303	25347	8	25.853
303	22708	9	25.3943
303	6678	10	25.1728
304	9533	1	32.3419
304	1612	2	30.8471
304	14132	3	26.8002
304	23725	4	26.3665
304	10374	5	26.2365
304	5949	6	26.1955
304	24133	7	26.1539
304	11155	8	26.1525
304	17210	9	26.0159
304	3554	10	26.01
305	12454	1	29.762
305	22435	2	29.6832
305	3205	3	29.2418
305	20493	4	28.5838
305	16587	5	28.0727
305	22434	6	28.0375
305	14633	7	27.8382
305	8664	8	27.7904
305	21280	9	26.9298
305	22433	10	26.5551
306	868	1	29.2309
306	24443	2	27.3627
306	18293	3	27.1195
306	21300	4	27.0581
306	18219	5	26.4531
306	8691	6	26.2
306	16826	7	25.656
306	8721	8	25.3532
306	12796	9	25.2239
306	24987	10	25.1173
307	12765	1	22.113
307	266	2	21.6306
307	23639	3	19.7966
307	24579	4	19.6953
307	10622	5	19.5967
307	4007	6	19.5096
307	5077	7	19.3132
307	16587	8	19.2513
307	18273	9	19.1705
307	21423	10	18.7817
308	11059	1	23.1204
308	21441	2	22.6437
308	19247	3	22.153
308	2937	4	21.8761
308	20527	5	21.7356
308	6876	6	21.6853
308	24100	7	21.0453
308	6019	8	19.8246
308	7317	9	19.6902
308	17347	10	19.6772
309	10216	1	38.0921
309	564	2	29.7712
309	3378	3	29.2861
309	7146	4	28.5257
309	8287	5	28.4482
309	19187	6	27.6639
309	9069	7	27.3301
309	7144	8	26.9893
309	6805	9	25.7415
309	14244	10	25.5502
310	6327	1	29.5297
310	3665	2	27.8465
310	7523	3	27.6321
310	3415	4	27.5904
310	5382	5	26.6469
310	24661	6	26.2515
310	11814	7	25.8118
310	7584	8	25.6707
310	19929	9	25.6026
310	15531	10	25.4587
311	9223	1	33.1978
311	11921	2	31.1245
311	23880	3	30.6943
311	4030	4	30.6101
311	24204	5	30.4772
311	22632	6	29.5589
311	22864	7	29.0807
311	12656	8	28.9317
311	16458	9	28.8549
311	12661	10	28.1913
312	14549	1	33.4148
312	17816	2	30.5793
312	10268	3	28.6369
312	25464	4	28.2047
312	6926	5	27.226
312	15455	6	27.2145
312	13861	7	27.1839
312	25086	8	26.8488
312	606	9	26.6332
312	18570	10	26.4847
313	9242	1	30.0353
313	17245	2	29.7122
313	24207	3	29.4958
313	24075	4	27.8286
313	11297	5	27.5433
313	4412	6	26.6478
313	2894	7	23.0753
313	8128	8	22.7289
313	7085	9	22.5869
313	5284	10	22.5394
314	8902	1	34.1913
314	9431	2	30.335
314	20348	3	29.8576
314	19826	4	28.8789
314	2746	5	28.7608
314	6493	6	28.4632
314	9666	7	27.4398
314	25053	8	27.2756
314	8680	9	27.011
314	22132	10	26.9151
315	9040	1	37.0208
315	18308	2	34.2501
315	1861	3	34.2242
315	19764	4	33.8142
315	25508	5	32.7158
315	4464	6	32.0466
315	11536	7	30.3364
315	12893	8	30.1826
315	14255	9	29.7445
315	12181	10	28.8552
316	13306	1	28.235
316	20496	2	22.918
316	1065	3	22.2332
316	25127	4	21.8918
316	3230	5	21.7888
316	22457	6	21.4256
316	6101	7	21.2568
316	13872	8	20.7995
316	9348	9	20.7939
316	14159	10	20.7222
317	10193	1	36.0285
317	20427	2	35.3784
317	12754	3	31.8638
317	23482	4	30.2217
317	7897	5	30.2031
317	7571	6	30.1188
317	22573	7	29.8332
317	12991	8	29.7525
317	13516	9	28.8145
317	12188	10	28.7597
318	2096	1	28.8835
318	24637	2	27.6985
318	13145	3	25.053
318	9736	4	24.735
318	1856	5	24.5576
318	3337	6	24.0652
318	24665	7	23.5718
318	460	8	23.262
318	5551	9	23.241
318	11778	10	23.0702
319	9118	1	25.591
319	9069	2	24.4447
319	10217	3	24.1894
319	25487	4	24.1894
319	10245	5	24.1848
319	8931	6	23.7833
319	23884	7	23.3665
319	19187	8	23.2284
319	16155	9	22.8195
319	1841	10	22.7593
320	9058	1	28.3464
320	19744	2	26.9025
320	18119	3	26.7793
320	24405	4	26.7481
320	4956	5	26.5381
320	22407	6	26.275
320	1571	7	25.9899
320	19285	8	25.899
320	21617	9	25.1925
320	5579	10	25.0044
321	6463	1	25.0066
321	10750	2	24.0142
321	20481	3	23.3076
321	20528	4	23.0811
321	17374	5	22.9727
321	9084	6	22.8325
321	22930	7	22.4033
321	11389	8	22.4033
321	9087	9	22.3544
321	6790	10	22.1062
322	4532	1	27.7642
322	20141	2	27.2505
322	1149	3	27.2194
322	13853	4	26.4089
322	4673	5	26.363
322	16608	6	25.9875
322	16801	7	25.9869
322	9480	8	25.638
322	9111	9	25.629
322	9115	10	25.4783
323	15748	1	29.3222
323	9141	2	27.3185
323	8304	3	26.7781
323	4179	4	25.2697
323	15115	5	25.2579
323	6678	6	25.2322
323	1519	7	24.8623
323	14749	8	24.8401
323	22738	9	24.8303
323	21151	10	24.7953
324	20964	1	29.623
324	17851	2	21.9654
324	7621	3	18.8044
324	24280	4	17.6641
324	2090	5	17.6105
324	23817	6	17.403
324	9587	7	16.8874
324	14888	8	16.8686
324	16033	9	16.6235
324	20922	10	16.6062
325	9194	1	35.5588
325	13984	2	33.8033
325	22572	3	31.8158
325	10936	4	31.3462
325	9192	5	31.2851
325	19197	6	31.1257
325	19840	7	30.2024
325	5284	8	29.776
325	25413	9	29.6866
325	23360	10	29.3618
326	6883	1	32.6516
326	21745	2	31.914
326	7251	3	31.8716
326	6474	4	31.7307
326	7252	5	31.4486
326	10249	6	29.9464
326	25535	7	29.9326
326	4094	8	29.5945
326	12297	9	29.4138
326	20737	10	28.7679
327	7381	1	27.0805
327	14931	2	26.2197
327	19511	3	25.0925
327	16295	4	23.9239
327	3509	5	23.2457
327	16807	6	21.8758
327	25491	7	21.7769
327	13677	8	20.9917
327	3644	9	20.7173
327	25319	10	20.6524
328	9277	1	22.2677
328	16473	2	21.7774
328	24907	3	21.5318
328	14384	4	21.5226
328	9275	5	21.3415
328	9796	6	21.2743
328	20221	7	20.7586
328	2869	8	20.6724
328	25294	9	20.6619
328	15619	10	20.5587
329	23093	1	26.6434
329	20843	2	25.0158
329	19230	3	24.1387
329	18168	4	24.1183
329	10037	5	23.8211
329	22281	6	23.8033
329	10248	7	23.6898
329	11185	8	23.6767
329	18230	9	23.6652
329	9408	10	23.6487
330	3449	1	36.4815
330	25564	2	36.2364
330	14883	3	33.6607
330	10356	4	33.0523
330	19186	5	31.8947
330	20583	6	31.5106
330	5686	7	31.261
330	12226	8	31.1194
330	12585	9	30.9437
330	6745	10	30.8738
331	21986	1	27.4009
331	6847	2	27.1925
331	20771	3	26.7236
331	22256	4	26.6323
331	13292	5	25.6552
331	18600	6	25.003
331	13863	7	24.8595
331	16834	8	24.8265
331	2902	9	24.8078
331	17095	10	24.7152
332	10303	1	36.3119
332	21340	2	33.6432
332	9386	3	32.6246
332	14761	4	32.2916
332	7227	5	30.6527
332	22683	6	30.6247
332	19764	7	29.6083
332	4547	8	29.5592
332	8158	9	29.525
332	18422	10	29.0769
333	4132	1	29.5681
333	191	2	29.3394
333	12643	3	28.8477
333	24811	4	28.7089
333	16052	5	28.0393
333	4292	6	27.9723
333	7827	7	27.8609
333	3968	8	27.1624
333	21417	9	26.943
333	10454	10	26.7556
334	19813	1	32.1651
334	17536	2	29.7577
334	18296	3	29.5337
334	10338	4	26.9156
334	9995	5	26.6998
334	6803	6	26.2738
334	733	7	26.048
334	21539	8	24.8525
334	17256	9	23.9332
334	1798	10	23.7201
335	8634	1	26.2092
335	11650	2	22.5828
335	20735	3	21.93
335	17883	4	20.9491
335	25580	5	20.4314
335	2945	6	20.3402
335	23394	7	20.1951
335	18918	8	20.1184
335	6446	9	20.066
335	6218	10	20.0145
336	15700	1	35.3599
336	3723	2	35.1766
336	15318	3	33.1117
336	6900	4	33.0239
336	2159	5	32.8908
336	21283	6	32.7963
336	5961	7	32.7185
336	22435	8	32.4477
336	24147	9	32.3533
336	10380	10	32.0442
337	9517	1	37.3089
337	18425	2	28.7707
337	19839	3	28.7364
337	17714	4	28.692
337	9516	5	28.1421
337	8284	6	27.9252
337	11539	7	27.8485
337	6306	8	27.757
337	17649	9	27.3278
337	1991	10	27.2364
338	9339	1	37.0507
338	6727	2	33.0184
338	24178	3	32.9825
338	21756	4	32.4447
338	1907	5	32.4132
338	23562	6	31.8406
338	3685	7	31.7854
338	16201	8	31.6462
338	15666	9	31.4154
338	3793	10	31.4102
339	5914	1	29.4445
339	22508	2	27.6594
339	9572	3	27.2105
339	24064	4	27.1755
339	2948	5	26.6472
339	5864	6	26.3939
339	7284	7	26.2228
339	14097	8	26.219
339	13256	9	26.2171
339	17589	10	26.1469
340	23346	1	25.4692
340	15658	2	25.0568
340	2441	3	22.605
340	14390	4	22.4951
340	20671	5	21.5748
340	9598	6	21.4625
340	7097	7	21.2462
340	13940	8	21.2213
340	9938	9	21.1678
340	22172	10	21.0237
341	24890	1	30.4605
341	11451	2	29.6088
341	17151	3	26.8797
341	16947	4	26.2693
341	13	5	26.0516
341	19905	6	25.8111
341	17629	7	25.7259
341	24148	8	25.6679
341	17351	9	25.5385
341	10977	10	25.5144
342	9651	1	31.3999
342	9652	2	31.1406
342	22599	3	27.782
342	7962	4	26.5003
342	18104	5	24.9769
342	22262	6	24.1731
342	12412	7	23.7945
342	5909	8	23.7548
342	9135	9	23.2595
342	11281	10	22.9244
343	5468	1	29.6347
343	23983	2	29.0324
343	5453	3	28.3564
343	9675	4	28.3258
343	5711	5	26.8983
343	9676	6	26.3623
343	5482	7	25.7079
343	11079	8	25.5794
343	22029	9	25.2416
343	12505	10	25.1914
344	11176	1	33.4551
344	9701	2	31.355
344	969	3	31.2346
344	9705	4	30.1666
344	10452	5	29.9104
344	16946	6	29.6038
344	10455	7	29.346
344	9703	8	28.3547
344	16412	9	28.3171
344	383	10	27.907
345	14473	1	34.2438
345	16874	2	33.0952
345	24635	3	31.76
345	19076	4	28.7714
345	18034	5	27.0125
345	11459	6	26.6209
345	18029	7	26.2904
345	12934	8	25.7147
345	23328	9	25.3732
345	5806	10	25.2203
346	18885	1	28.6245
346	3239	2	27.5487
346	19763	3	27.5256
346	20275	4	27.4547
346	16295	5	27.285
346	10783	6	27.1306
346	12497	7	26.8995
346	8295	8	26.8726
346	1353	9	26.7466
346	21607	10	26.5695
347	9785	1	32.7499
347	21093	2	31.3864
347	23999	3	30.7199
347	22977	4	29.8572
347	9786	5	29.78
347	9783	6	29.0981
347	9784	7	28.2011
347	854	8	27.8645
347	12679	9	27.7373
347	4952	10	27.733
348	19519	1	29.1157
348	7442	2	27.8138
348	20647	3	27.4203
348	21648	4	27.2488
348	7433	5	27.2136
348	19688	6	26.0922
348	14172	7	25.9727
348	4231	8	25.8105
348	12565	9	25.7072
348	8492	10	25.3378
349	9838	1	34.9696
349	18281	2	28.8132
349	15298	3	27.8592
349	23066	4	27.7116
349	25596	5	27.4936
349	19332	6	27.4223
349	585	7	27.3833
349	1554	8	27.3346
349	10022	9	27.0384
349	11908	10	27.0206
350	2928	1	29.5073
350	20925	2	25.0368
350	8799	3	23.8364
350	10194	4	22.705
350	18053	5	22.2579
350	10306	6	22.2116
350	2201	7	21.3058
350	20243	8	21.0661
350	17271	9	20.9892
350	2452	10	20.893
351	18671	1	33.698
351	23005	2	32.5752
351	6727	3	28.8254
351	24128	4	28.7209
351	23289	5	28.5892
351	20340	6	28.3928
351	22457	7	28.1441
351	9547	8	27.6915
351	2658	9	27.6142
351	1726	10	27.1972
352	19795	1	31.341
352	13358	2	30.4932
352	22853	3	30.346
352	11516	4	30.1032
352	15164	5	29.4766
352	9921	6	29.1488
352	20770	7	28.7873
352	9924	8	28.5814
352	752	9	28.4818
352	9923	10	28.4411
353	6442	1	20.9347
353	11565	2	20.4683
353	10387	3	19.5673
353	12609	4	18.8134
353	1606	5	17.4792
353	8929	6	17.2929
353	12685	7	17.2169
353	24228	8	17.2052
353	83	9	17.1295
353	4728	10	16.8415
354	20730	1	27.7006
354	1157	2	27.4466
354	15367	3	26.5491
354	8491	4	26.4052
354	23253	5	26.3327
354	23907	6	24.878
354	601	7	24.8686
354	24203	8	24.7006
354	24548	9	24.6842
354	8452	10	24.4067
355	18872	1	32.2557
355	4166	2	29.8567
355	6731	3	29.8404
355	12547	4	29.7153
355	23722	5	29.2391
355	2596	6	28.9734
355	13454	7	28.8096
355	16567	8	27.974
355	11079	9	27.7887
355	17329	10	27.4436
356	10029	1	28.1172
356	428	2	23.9567
356	2653	3	22.7925
356	20022	4	22.3203
356	11842	5	22.1674
356	12397	6	22.1445
356	24296	7	21.9608
356	12308	8	21.9331
356	20102	9	21.9212
356	8468	10	21.6758
357	10996	1	38.5752
357	4185	2	35.6296
357	22813	3	34.3247
357	23163	4	33.2448
357	2561	5	33.2201
357	7942	6	33.0607
357	24557	7	32.3583
357	23260	8	32.2677
357	8162	9	31.945
357	20419	10	31.935
358	9270	1	30.0499
358	10082	2	29.8126
358	19403	3	29.6591
358	3710	4	29.5067
358	13342	5	27.9009
358	10578	6	27.6405
358	23078	7	27.3099
358	22527	8	27.2179
358	25166	9	26.8044
358	23422	10	26.3423
359	8255	1	28.1653
359	20907	2	24.6753
359	14224	3	23.7422
359	2802	4	23.3508
359	13657	5	22.7463
359	6684	6	22.5639
359	13446	7	22.3154
359	9164	8	22.0221
359	16971	9	21.9924
359	9852	10	21.7808
360	10134	1	32.6008
360	15690	2	32.492
360	23490	3	31.4446
360	14297	4	31.3494
360	16513	5	31.1385
360	11196	6	30.8568
360	20137	7	30.4031
360	24382	8	30.1799
360	22669	9	30.0914
360	13532	10	29.866
361	24422	1	26.9499
361	14951	2	25.9003
361	20689	3	25.4844
361	21571	4	25.2338
361	10162	5	25.2257
361	560	6	25.1267
361	16963	7	24.9067
361	19009	8	24.8014
361	23362	9	24.7195
361	7520	10	24.3326
362	15069	1	27.3385
362	19044	2	26.8113
362	14787	3	26.6367
362	23263	4	26.5498
362	21069	5	26.2199
362	10382	6	25.43
362	5824	7	25.3865
362	20199	8	25.1273
362	1778	9	24.9976
362	24273	10	24.8667
363	24420	1	27.469
363	18579	2	26.6152
363	13383	3	26.3285
363	24336	4	25.8792
363	4188	5	25.8161
363	21763	6	25.7146
363	8132	7	25.6988
363	24654	8	25.4056
363	19600	9	25.3499
363	3886	10	25.1218
364	6363	1	33.624
364	11388	2	33.5464
364	21776	3	33.0606
364	11792	4	32.9613
364	9942	5	32.6563
364	6947	6	32.4372
364	10240	7	32.4075
364	20522	8	32.3868
364	30	9	32.2566
364	7703	10	32.2162
365	10266	1	33.123
365	2395	2	30.7073
365	17000	3	30.4981
365	11610	4	29.6422
365	9998	5	29.1262
365	18087	6	28.8508
365	9789	7	28.6783
365	25611	8	28.0357
365	16546	9	27.7019
365	4796	10	27.4725
366	21901	1	27.9534
366	9484	2	26.7387
366	13050	3	25.6562
366	749	4	25.624
366	22873	5	25.4684
366	2019	6	25.3411
366	11966	7	25.213
366	22010	8	25.1421
366	18597	9	25.1375
366	16142	10	24.9758
367	10320	1	35.9279
367	18025	2	35.0441
367	24090	3	34.3759
367	5146	4	34.153
367	17413	5	33.9604
367	11135	6	33.2495
367	18028	7	32.8641
367	23544	8	32.5304
367	24091	9	31.2455
367	2671	10	29.4866
368	236	1	25.3884
368	11838	2	25.3343
368	11383	3	24.6936
368	12773	4	23.4887
368	11868	5	23.4565
368	4921	6	23.3525
368	2421	7	23.2422
368	22640	8	23.112
368	18542	9	22.8686
368	16252	10	22.6362
369	17939	1	24.8335
369	14972	2	24.4998
369	25639	3	24.4417
369	3928	4	24.2485
369	10930	5	23.8928
369	12197	6	23.347
369	20637	7	23.3198
369	1653	8	23.2395
369	15734	9	23.2098
369	17544	10	23.1658
370	3075	1	31.3764
370	10399	2	30.9111
370	8228	3	29.0111
370	10397	4	28.4209
370	10400	5	28.3735
370	10401	6	28.2217
370	15612	7	26.3618
370	11872	8	26.079
370	8571	9	25.7463
370	7326	10	25.4258
371	23495	1	23.2862
371	10490	2	22.2452
371	14015	3	21.8905
371	651	4	21.4698
371	20338	5	21.3629
371	3287	6	20.9638
371	25127	7	20.9059
371	12366	8	20.7864
371	4649	9	20.6711
371	14882	10	20.5979
372	10452	1	29.3726
372	15458	2	29.0495
372	16946	3	28.7301
372	16282	4	28.6556
372	19696	5	28.5316
372	22560	6	28.5277
372	11176	7	28.4952
372	9703	8	28.4004
372	10455	9	28.2631
372	2594	10	28.2416
373	7755	1	37.4101
373	7744	2	34.2493
373	10723	3	31.6141
373	7190	4	31.0794
373	1891	5	30.6995
373	20433	6	29.614
373	12951	7	29.4716
373	23506	8	29.4561
373	17458	9	29.4479
373	16275	10	29.2825
374	10502	1	29.3378
374	15125	2	26.2859
374	16516	3	25.454
374	10342	4	25.076
374	20031	5	24.3712
374	21363	6	23.9281
374	2593	7	23.6681
374	16063	8	23.5644
374	19218	9	23.1718
374	17510	10	23.1199
375	10532	1	33.9912
375	515	2	33.1303
375	21864	3	33.1029
375	10529	4	32.9693
375	15964	5	30.0803
375	17952	6	28.0789
375	4019	7	27.0115
375	14997	8	26.2842
375	12558	9	25.7533
375	15812	10	25.4354
376	18035	1	27.1832
376	25256	2	26.6265
376	8582	3	24.9402
376	18023	4	24.8005
376	1955	5	24.7996
376	14184	6	24.7531
376	12566	7	24.2333
376	8845	8	23.6465
376	14628	9	23.2549
376	2441	10	23.2191
377	10579	1	27.969
377	8331	2	23.7181
377	14747	3	21.5789
377	18866	4	21.5026
377	13618	5	21.3477
377	4567	6	21.2781
377	16324	7	21.2735
377	7333	8	21.0281
377	19140	9	21.0209
377	14581	10	20.9742
378	19763	1	30.5702
378	4469	2	30.4534
378	7694	3	30.3062
378	9550	4	29.2274
378	18185	5	28.9853
378	24982	6	28.2705
378	3314	7	28.0226
378	7820	8	27.5237
378	10605	9	27.0892
378	4280	10	26.9954
379	5183	1	31.2024
379	491	2	30.9611
379	7721	3	30.382
379	14179	4	30.2697
379	11686	5	30.1583
379	15470	6	29.9255
379	23454	7	29.8111
379	3414	8	29.7978
379	21030	9	29.1504
379	7531	10	29.1292
380	9379	1	25.8675
380	15871	2	25.3406
380	19408	3	25.0249
380	21541	4	24.9535
380	11734	5	24.2483
380	18034	6	24.0943
380	11828	7	23.979
380	5126	8	23.2083
380	12558	9	23.1966
380	6045	10	22.9927
381	10687	1	34.719
381	15792	2	34.0879
381	10686	3	29.6859
381	21671	4	28.4356
381	4194	5	27.9319
381	20903	6	25.4827
381	25552	7	25.2944
381	2177	8	25.1657
381	25186	9	25.0428
381	10685	10	24.9879
382	18776	1	24.5197
382	20486	2	23.3528
382	20575	3	23.2373
382	23386	4	23.0726
382	6454	5	22.8921
382	5433	6	22.7667
382	20246	7	22.74
382	15690	8	22.6974
382	6327	9	22.6937
382	18493	10	22.6665
383	23851	1	23.9023
383	17138	2	23.5744
383	25500	3	23.1503
383	17278	4	23.1476
383	7735	5	23.1243
383	13952	6	23.0466
383	1608	7	22.9356
383	8658	8	22.4814
383	7911	9	22.3308
383	15413	10	22.2936
384	21060	1	35.6469
384	1880	2	32.5479
384	10391	3	31.8112
384	10768	4	30.9863
384	14063	5	30.846
384	14879	6	30.7487
384	10370	7	30.6052
384	10598	8	30.4819
384	1973	9	30.4809
384	21475	10	30.1659
385	4193	1	36.9925
385	10794	2	36.3835
385	15185	3	32.6689
385	8368	4	30.3475
385	3466	5	29.6959
385	8868	6	28.7584
385	893	7	27.3163
385	9802	8	27.0335
385	15251	9	26.6968
385	10793	10	26.5588
386	6219	1	28.6023
386	7430	2	28.0989
386	21356	3	27.7852
386	2647	4	27.1374
386	10470	5	27.1348
386	218	6	26.4973
386	24246	7	26.4669
386	2370	8	26.411
386	6197	9	26.1745
386	24884	10	25.9475
387	1060	1	25.3966
387	12103	2	24.5549
387	13806	3	24.173
387	10852	4	23.8585
387	15753	5	23.5933
387	485	6	23.5372
387	16753	7	23.42
387	12837	8	23.383
387	21400	9	23.2226
387	20428	10	22.9105
388	14863	1	27.5323
388	12172	2	27.2715
388	21920	3	26.0573
388	14901	4	26.0553
388	11663	5	25.7122
388	22998	6	24.8094
388	2093	7	24.5523
388	20847	8	24.1397
388	3999	9	23.9363
388	7337	10	23.6907
389	20648	1	39.8083
389	23773	2	28.261
389	24937	3	28.0322
389	16948	4	26.9749
389	10903	5	26.9339
389	10052	6	26.1213
389	19113	7	25.966
389	13275	8	25.8355
389	10560	9	25.8286
389	18823	10	25.7821
390	22051	1	32.3752
390	4616	2	31.4014
390	2867	3	31.2831
390	15081	4	30.7154
390	7281	5	29.9603
390	18673	6	29.7342
390	16013	7	29.6841
390	22731	8	29.1553
390	14154	9	28.9667
390	6976	10	28.7596
391	10957	1	36.5942
391	5973	2	30.241
391	23632	3	29.9406
391	17586	4	29.856
391	20531	5	29.0742
391	15882	6	28.826
391	9063	7	27.8448
391	10841	8	27.4909
391	2435	9	27.2608
391	3019	10	27.0823
392	1008	1	25.3326
392	7000	2	24.7042
392	5180	3	24.2895
392	14966	4	22.9434
392	10987	5	22.7784
392	20715	6	22.6784
392	10826	7	22.5992
392	258	8	22.4332
392	24548	9	22.3526
392	17450	10	22.1161
393	11014	1	26.231
393	11326	2	25.6153
393	22669	3	24.8556
393	4201	4	24.37
393	14981	5	23.6989
393	6894	6	23.3553
393	5149	7	23.3535
393	5968	8	23.0858
393	15743	9	22.9141
393	10134	10	22.7396
394	6120	1	33.8786
394	22770	2	32.0749
394	15009	3	31.2362
394	3362	4	31.231
394	13422	5	31.1204
394	21138	6	31.0245
394	10769	7	30.7928
394	16494	8	30.4019
394	4715	9	30.3017
394	24023	10	30.0519
395	13461	1	34.5743
395	11927	2	33.4124
395	2564	3	33.1756
395	13462	4	32.8665
395	724	5	32.0973
395	19834	6	31.2493
395	13463	7	31.1632
395	13736	8	31.1562
395	16464	9	30.5776
395	11359	10	30.352
396	14192	1	27.0917
396	22131	2	27.0248
396	16773	3	26.7978
396	19984	4	26.6776
396	1510	5	26.3848
396	19985	6	25.93
396	1511	7	25.9094
396	1356	8	25.8747
396	1509	9	25.6421
396	21261	10	25.5578
397	11116	1	27.3579
397	24224	2	26.3179
397	20190	3	25.7048
397	6857	4	24.8863
397	4365	5	24.527
397	3010	6	23.992
397	15683	7	23.8476
397	15317	8	23.4476
397	4346	9	23.0547
397	19988	10	22.724
398	21718	1	29.6468
398	10311	2	28.9048
398	11145	3	28.4957
398	1301	4	28.0342
398	11147	5	26.6457
398	8615	6	25.4228
398	17369	7	25.3838
398	18715	8	25.3615
398	12221	9	25.1734
398	841	10	24.7645
399	11171	1	36.4026
399	4574	2	36.3034
399	14346	3	35.8104
399	11173	4	34.5014
399	6701	5	34.2012
399	534	6	33.8559
399	19444	7	33.8165
399	13191	8	33.569
399	16079	9	32.9727
399	25598	10	32.9549
400	22772	1	28.9151
400	4489	2	26.2543
400	5345	3	25.885
400	11149	4	25.8825
400	6957	5	25.1006
400	24858	6	24.7918
400	11202	7	24.6338
400	5676	8	24.5619
400	11201	9	24.3715
400	14709	10	24.2364
401	17629	1	31.2814
401	17902	2	29.1305
401	9889	3	28.6946
401	17903	4	28.6651
401	11221	5	28.0552
401	12179	6	28.0401
401	6342	7	27.9913
401	10624	8	27.0857
401	10977	9	26.732
401	24013	10	26.4618
402	8231	1	27.2648
402	3791	2	27.0776
402	8917	3	25.88
402	25480	4	25.6109
402	5481	5	25.2604
402	20229	6	24.5689
402	1889	7	24.4743
402	14429	8	24.3796
402	18389	9	24.2291
402	24749	10	24.1983
403	19630	1	30.4656
403	23106	2	29.2944
403	7001	3	28.5135
403	14712	4	28.1163
403	20785	5	28.0683
403	8500	6	28.0166
403	6143	7	27.7006
403	17052	8	27.4067
403	22658	9	27.3325
403	5755	10	27.3004
404	13239	1	30.3568
404	8312	2	29.3245
404	11302	3	28.8863
404	1084	4	28.3057
404	23896	5	28.2812
404	12019	6	28.0577
404	17827	7	27.9795
404	16842	8	27.8794
404	1755	9	27.5558
404	4920	10	27.1983
405	1547	1	35.3766
405	11328	2	32.275
405	8517	3	31.1289
405	11330	4	30.3077
405	3065	5	30.0308
405	2669	6	28.9343
405	13177	7	28.4425
405	22000	8	28.2228
405	19240	9	27.2397
405	1832	10	27.1631
406	24174	1	27.144
406	14070	2	26.2376
406	11827	3	25.9644
406	6062	4	25.83
406	21842	5	25.5067
406	20351	6	25.1681
406	9129	7	24.6758
406	24175	8	24.5779
406	6065	9	24.2241
406	12878	10	24.1808
407	8011	1	33.7142
407	20833	2	31.921
407	13599	3	30.9162
407	8945	4	30.6799
407	7362	5	30.3718
407	13397	6	30.3277
407	6519	7	30.0714
407	23376	8	30.0087
407	12599	9	29.992
407	25557	10	29.7791
408	11629	1	24.5845
408	11409	2	23.9625
408	17430	3	23.9258
408	2088	4	23.4015
408	4437	5	23.1887
408	11769	6	23.1355
408	11346	7	21.6993
408	22931	8	21.6495
408	7317	9	21.4368
408	15022	10	21.3649
409	18593	1	32.6502
409	24149	2	29.7787
409	7080	3	29.5607
409	16093	4	28.645
409	23370	5	28.5904
409	8561	6	28.5879
409	783	7	28.1941
409	17851	8	28.1233
409	24132	9	28.1038
409	9937	10	28.0067
410	8733	1	32.929
410	24508	2	31.9978
410	23952	3	31.5854
410	4026	4	31.1538
410	20531	5	30.7788
410	3874	6	30.6244
410	10180	7	30.2132
410	8567	8	30.1318
410	10115	9	29.87
410	9093	10	29.8226
411	9499	1	26.0162
411	381	2	25.7693
411	16920	3	24.999
411	12362	4	24.0263
411	13658	5	23.645
411	15545	6	23.639
411	17195	7	23.6261
411	18258	8	23.4727
411	17127	9	23.0154
411	10759	10	22.9025
412	1857	1	33.2645
412	5022	2	31.0106
412	6107	3	30.8349
412	4685	4	30.612
412	2960	5	30.4516
412	11508	6	30.2639
412	17120	7	29.7546
412	19330	8	29.7484
412	18228	9	29.2557
412	5418	10	29.2508
413	4894	1	26.3965
413	1991	2	25.5818
413	19631	3	25.5428
413	9137	4	25.1079
413	6118	5	23.8171
413	8104	6	23.7333
413	15218	7	23.0931
413	22527	8	22.9913
413	25081	9	22.7515
413	3230	10	22.218
414	19363	1	25.7064
414	11536	2	23.6368
414	20765	3	23.3902
414	10566	4	23.2735
414	652	5	23.0855
414	12685	6	23.0025
414	3377	7	22.5471
414	3473	8	22.3821
414	24279	9	22.2309
414	11567	10	22.1725
415	23949	1	27.6137
415	3096	2	26.2772
415	19223	3	26.0012
415	5846	4	25.4679
415	9284	5	25.2127
415	25565	6	25.1379
415	22707	7	25.1238
415	14639	8	24.8442
415	9005	9	24.6089
415	13374	10	24.4695
416	8868	1	28.7771
416	19935	2	25.6005
416	15237	3	25.2818
416	2319	4	24.8178
416	1176	5	24.7756
416	19945	6	24.6287
416	16468	7	24.5824
416	7729	8	24.4865
416	11619	9	24.4377
416	4979	10	24.3698
417	11647	1	26.9638
417	3790	2	26.6241
417	12245	3	25.7674
417	11650	4	23.9091
417	23288	5	23.8792
417	7984	6	23.4634
417	11649	7	23.1917
417	11925	8	22.0339
417	13537	9	21.9184
417	11051	10	21.387
418	11676	1	33.2918
418	22027	2	31.2198
418	4018	3	31.0456
418	14913	4	30.8388
418	7631	5	30.2796
418	6152	6	29.5525
418	1258	7	28.5704
418	13247	8	28.049
418	14333	9	28.0367
418	672	10	27.6693
419	13317	1	30.5986
419	11701	2	26.5753
419	11703	3	26.3768
419	5081	4	25.8801
419	9793	5	25.3005
419	9455	6	24.8185
419	12116	7	24.6617
419	691	8	24.3354
419	2263	9	23.7544
419	10730	10	23.7502
420	8224	1	34.4547
420	4106	2	30.9123
420	7534	3	29.0621
420	8449	4	29.0037
420	2291	5	28.0407
420	6542	6	27.8924
420	1459	7	27.8005
420	2494	8	27.4897
420	25383	9	27.34
420	20590	10	26.986
421	11461	1	29.2292
421	10920	2	29.185
421	8786	3	28.9799
421	11754	4	28.5497
421	5279	5	28.3508
421	3886	6	28.3292
421	24508	7	28.0033
421	19839	8	27.6554
421	20531	9	27.6443
421	22831	10	27.5687
422	1177	1	27.754
422	4875	2	27.4791
422	18093	3	27.4589
422	22134	4	26.6623
422	22133	5	26.6219
422	21084	6	26.6201
422	21125	7	26.2843
422	25174	8	25.9385
422	20565	9	25.7463
422	18880	10	25.179
423	11806	1	26.1772
423	11804	2	24.6999
423	11805	3	24.2893
423	7225	4	23.3623
423	3039	5	23.1034
423	18058	6	22.8207
423	8776	7	22.3024
423	23001	8	22.2113
423	5461	9	22.0032
423	4230	10	21.9549
424	25557	1	34.8242
424	18393	2	32.7954
424	18184	3	32.5733
424	23292	4	30.8971
424	20374	5	30.4794
424	17923	6	30.007
424	24439	7	29.9226
424	19435	8	29.3695
424	2867	9	29.3402
424	5858	10	29.319
425	11814	1	28.9844
425	22646	2	26.2391
425	24708	3	26.032
425	5566	4	25.5055
425	22396	5	25.2438
425	16886	6	25.2427
425	25274	7	25.1682
425	20272	8	24.9836
425	9257	9	24.3941
425	9085	10	24.2753
426	16046	1	31.5765
426	2753	2	30.6442
426	13822	3	30.3174
426	16048	4	29.758
426	8342	5	29.2451
426	4040	6	28.9441
426	16047	7	27.9428
426	14427	8	27.5886
426	17226	9	27.0732
426	20641	10	26.3985
427	13532	1	32.4354
427	7274	2	32.2764
427	11594	3	31.4017
427	17190	4	30.9813
427	22917	5	30.9145
427	23757	6	29.4323
427	11907	7	29.1283
427	25451	8	28.6599
427	622	9	28.2736
427	1560	10	28.1781
428	20216	1	32.3016
428	11933	2	31.3416
428	9848	3	30.459
428	4243	4	30.05
428	10157	5	29.7325
428	1175	6	29.2927
428	12626	7	28.7791
428	17931	8	28.4255
428	109	9	28.2865
428	3893	10	28.2783
429	3771	1	35.2779
429	15383	2	30.8599
429	23672	3	30.6524
429	15658	4	30.5937
429	10025	5	30.0532
429	11350	6	30.048
429	2352	7	29.855
429	25461	8	29.6953
429	20855	9	29.6798
429	13488	10	29.635
430	22772	1	33.7387
430	1854	2	32.3863
430	11201	3	30.7973
430	6957	4	30.6164
430	11204	5	30.6099
430	24597	6	28.8685
430	5570	7	28.0422
430	4393	8	28.0409
430	6435	9	27.9926
430	13665	10	27.7736
431	109	1	33.4479
431	9848	2	33.0845
431	6858	3	31.9877
431	1871	4	31.3704
431	5606	5	30.7901
431	4685	6	29.9589
431	16535	7	29.676
431	10157	8	29.3601
431	17931	9	29.3007
431	16268	10	29.1964
432	7744	1	32.6951
432	1624	2	31.785
432	84	3	31.2006
432	13872	4	31.1307
432	23362	5	31.0112
432	17125	6	31.0109
432	9171	7	31.006
432	5450	8	30.6776
432	16805	9	30.578
432	7190	10	30.4713
433	12061	1	29.552
433	11000	2	29.3519
433	21928	3	28.8013
433	2143	4	28.4806
433	16792	5	27.9079
433	12128	6	27.7069
433	14819	7	27.5817
433	19069	8	26.832
433	23679	9	26.5602
433	19547	10	26.2124
434	25271	1	28.3362
434	10238	2	27.773
434	4730	3	27.693
434	13626	4	27.5909
434	15947	5	27.2926
434	757	6	27.2072
434	11216	7	27.1422
434	6224	8	27.0296
434	18757	9	26.5299
434	3629	10	26.0871
435	9793	1	35.5477
435	11703	2	34.0344
435	11701	3	33.8803
435	24732	4	33.6418
435	12114	5	31.2497
435	12112	6	30.6331
435	5512	7	30.1267
435	9184	8	30.0264
435	19211	9	27.6
435	5141	10	27.2905
436	12141	1	39.9507
436	22908	2	36.2792
436	12937	3	35.8745
436	19713	4	34.0137
436	16874	5	33.6724
436	386	6	33.282
436	11087	7	33.0997
436	24579	8	33.0856
436	20307	9	33.0765
436	20747	10	32.7044
437	4616	1	29.7855
437	16902	2	29.6306
437	25616	3	28.3858
437	5327	4	27.5924
437	13053	5	26.9062
437	22588	6	26.7735
437	16366	7	26.3704
437	11140	8	26.3347
437	7752	9	26.2241
437	11191	10	26.112
438	12186	1	30.1674
438	14655	2	27.3778
438	7436	3	26.6565
438	22106	4	26.6495
438	6456	5	26.4704
438	6128	6	26.4381
438	16338	7	25.8981
438	6025	8	25.643
438	207	9	25.5831
438	22611	10	25.573
439	18188	1	31.5353
439	17349	2	30.2656
439	11202	3	30.1764
439	22920	4	29.3188
439	4764	5	29.1509
439	14709	6	28.8367
439	18676	7	27.3401
439	9049	8	26.5135
439	7597	9	26.4614
439	18405	10	26.1382
440	6507	1	29.6877
440	12237	2	29.2651
440	12238	3	29.1917
440	109	4	28.2067
440	7428	5	28.0398
440	11377	6	27.4615
440	546	7	27.4058
440	15903	8	27.0004
440	24508	9	26.001
440	25386	10	25.6604
441	13353	1	25.1896
441	13736	2	23.8405
441	10247	3	23.3761
441	16165	4	22.7603
441	12956	5	22.3225
441	3851	6	21.9438
441	3590	7	21.7902
441	19280	8	21.5383
441	24143	9	21.1925
441	1143	10	20.823
442	672	1	30.1455
442	4920	2	28.7973
442	16309	3	28.4697
442	12748	4	28.0576
442	23516	5	25.6688
442	13797	6	24.7919
442	3213	7	23.9393
442	8646	8	23.8218
442	17910	9	23.8134
442	18023	10	23.5029
443	8312	1	31.5852
443	4538	2	30.8593
443	6143	3	30.6384
443	5262	4	29.9655
443	4043	5	29.5409
443	4998	6	29.058
443	7615	7	28.6861
443	9074	8	28.4545
443	22836	9	28.0228
443	1081	10	28.0189
444	11266	1	37.8802
444	12335	2	32.4205
444	17879	3	29.3073
444	4185	4	29.139
444	4377	5	28.8284
444	12334	6	28.7984
444	1532	7	28.7517
444	5793	8	28.6345
444	10267	9	28.4891
444	1821	10	27.7744
445	6568	1	33.8216
445	9005	2	32.7714
445	16458	3	31.3692
445	5931	4	31.3487
445	13281	5	30.7216
445	21580	6	30.3541
445	5298	7	30.3296
445	11539	8	30.2537
445	24204	9	30.0526
445	12360	10	29.8974
446	19357	1	26.9924
446	25101	2	25.5765
446	21636	3	25.4363
446	4034	4	25.1112
446	25035	5	24.74
446	898	6	24.5838
446	16725	7	24.3856
446	7683	8	24.1552
446	9042	9	23.7918
446	9953	10	23.7886
447	12414	1	33.3361
447	392	2	29.7625
447	12416	3	29.6524
447	6308	4	26.9741
447	17325	5	25.4641
447	20731	6	25.0122
447	3040	7	24.9496
447	4716	8	24.9219
447	24340	9	24.8984
447	11511	10	24.7435
448	25486	1	31.366
448	4008	2	30.9164
448	12442	3	29.6915
448	17115	4	29.5075
448	19288	5	28.3625
448	23952	6	28.3612
448	12253	7	27.9315
448	2404	8	27.9253
448	3307	9	27.7936
448	3886	10	27.3953
449	14772	1	26.1993
449	10396	2	26.1697
449	4344	3	25.6294
449	5794	4	25.4678
449	24245	5	25.3706
449	11056	6	25.2306
449	3706	7	25.1714
449	19444	8	25.0492
449	12293	9	24.7915
449	17511	10	24.6938
450	9301	1	30.5835
450	23372	2	30.2957
450	22499	3	29.9535
450	22057	4	29.8984
450	12683	5	29.534
450	20861	6	29.3959
450	22390	7	29.3568
450	21917	8	29.2847
450	23671	9	29.0016
450	6727	10	28.9705
451	12857	1	28.7466
451	4515	2	28.4664
451	934	3	27.6029
451	23302	4	25.6749
451	17038	5	25.5291
451	19224	6	25.2961
451	22643	7	24.0449
451	6191	8	23.2313
451	9594	9	23.0375
451	11102	10	22.4296
452	6048	1	28.207
452	17051	2	27.7643
452	6971	3	26.6709
452	2445	4	26.0847
452	14836	5	25.7955
452	1961	6	24.3179
452	574	7	24.1351
452	19760	8	23.933
452	3086	9	23.8697
452	4570	10	23.7263
453	4442	1	28.4055
453	6827	2	27.1809
453	19342	3	26.9341
453	20109	4	26.9136
453	24302	5	26.7515
453	6358	6	26.3139
453	14316	7	26.1857
453	25215	8	26.1706
453	2993	9	26.0921
453	1622	10	26.0745
454	19610	1	27.5944
454	5023	2	27.1546
454	8740	3	25.757
454	12610	4	24.7393
454	13151	5	24.6417
454	4752	6	24.4013
454	24940	7	23.9035
454	4875	8	23.7688
454	16432	9	23.6825
454	14063	10	23.4443
455	20848	1	27.2247
455	20194	2	26.9645
455	16795	3	26.952
455	11722	4	26.7712
455	7918	5	26.7349
455	10772	6	26.696
455	15973	7	26.3448
455	19667	8	26.3382
455	18214	9	26.1491
455	23485	10	25.9817
456	6568	1	31.0462
456	10862	2	30.7461
456	11539	3	29.4444
456	13281	4	29.3063
456	12661	5	29.1227
456	778	6	29.0465
456	20970	7	28.598
456	12657	8	28.212
456	9005	9	28.1899
456	22306	10	28.1562
457	16622	1	30.2517
457	10153	2	28.9972
457	2855	3	28.7598
457	13802	4	28.7493
457	22163	5	28.7293
457	15684	6	28.7158
457	15425	7	28.6918
457	9387	8	28.5016
457	19764	9	28.446
457	16206	10	28.2926
458	24374	1	25.1096
458	7485	2	22.7631
458	22631	3	22.1819
458	1740	4	21.5253
458	18445	5	21.4429
458	14756	6	21.0596
458	25423	7	20.2956
458	10827	8	20.2128
458	3621	9	20.1203
458	2139	10	20.0776
459	9025	1	28.9828
459	5201	2	28.6274
459	22555	3	27.5327
459	24995	4	27.3947
459	10076	5	27.2143
459	18654	6	26.9538
459	17129	7	26.6234
459	24284	8	26.5111
459	10561	9	25.7802
459	20759	10	25.7793
460	7777	1	30.447
460	21017	2	30.2172
460	3160	3	30.0245
460	21015	4	29.4727
460	7922	5	28.9421
460	14168	6	28.5089
460	23540	7	28.2725
460	7920	8	28.1822
460	23809	9	27.8505
460	24012	10	27.4695
461	21323	1	31.81
461	21356	2	29.121
461	6380	3	28.073
461	17110	4	27.136
461	19681	5	26.6324
461	14135	6	26.299
461	1670	7	25.9231
461	7928	8	25.845
461	12305	9	25.7703
461	3984	10	25.6988
462	7077	1	34.3152
462	5745	2	33.1272
462	14738	3	31.4976
462	12807	4	30.5673
462	7470	5	29.384
462	3000	6	28.7957
462	1553	7	28.4185
462	21529	8	28.3221
462	12096	9	27.3526
462	6901	10	26.8882
463	10222	1	33.6791
463	1219	2	31.2422
463	17751	3	27.8439
463	9439	4	27.811
463	8537	5	27.0417
463	7491	6	26.9359
463	1675	7	26.6764
463	3597	8	26.5499
463	19634	9	26.3936
463	21811	10	26.3342
464	23540	1	26.6986
464	1092	2	26.1095
464	12858	3	25.8755
464	10221	4	25.8272
464	7777	5	25.5175
464	7922	6	25.446
464	21017	7	25.243
464	18601	8	25.1804
464	3904	9	25.1294
464	7536	10	25.1115
465	220	1	37.0741
465	650	2	34.3408
465	12076	3	33.9987
465	21239	4	32.5646
465	8823	5	31.8667
465	14330	6	29.7951
465	8816	7	29.4634
465	13193	8	28.9294
465	16458	9	28.5326
465	9223	10	27.9708
466	9030	1	21.2136
466	24296	2	20.5733
466	12040	3	19.7686
466	23231	4	19.6296
466	5483	5	19.4513
466	3083	6	19.2148
466	2804	7	19.1548
466	17459	8	19.0239
466	21775	9	18.9824
466	25312	10	18.8816
467	8542	1	37.7373
467	17187	2	36.0285
467	3358	3	34.3802
467	14741	4	34.0225
467	14340	5	33.8021
467	10578	6	33.5974
467	12770	7	33.4132
467	7769	8	33.3475
467	4875	9	32.5133
467	2157	10	32.4658
468	12959	1	28.3751
468	16301	2	25.1484
468	11924	3	24.2882
468	6130	4	21.24
468	12149	5	20.9642
468	12960	6	20.6827
468	3173	7	19.9552
468	4635	8	19.7617
468	12957	9	19.5566
468	2640	10	19.5458
469	4575	1	22.9187
469	7197	2	22.3984
469	12620	3	21.8329
469	8257	4	21.5979
469	7935	5	21.5839
469	11856	6	21.1447
469	19017	7	20.7809
469	10039	8	20.7666
469	14976	9	20.7658
469	10976	10	20.5609
470	22202	1	39.4092
470	14402	2	28.7755
470	20269	3	28.236
470	4946	4	27.9871
470	16209	5	27.6618
470	25403	6	27.5461
470	10777	7	27.1592
470	21674	8	27.0745
470	13591	9	27.0104
470	902	10	26.7934
471	13035	1	31.7855
471	15614	2	21.4831
471	1271	3	21.3954
471	18	4	19.7411
471	13463	5	19.5349
471	13460	6	18.5737
471	17767	7	18.1367
471	19337	8	17.8613
471	24287	9	17.5559
471	3418	10	17.2818
472	9626	1	25.8858
472	13062	2	24.9014
472	4555	3	24.4372
472	23797	4	23.9812
472	25554	5	21.2815
472	15528	6	21.2471
472	13202	7	20.1376
472	13409	8	20.0469
472	25295	9	19.9416
472	1808	10	19.9228
473	24050	1	24.2942
473	7308	2	24.0748
473	24280	3	23.8874
473	6303	4	22.7217
473	14283	5	22.5463
473	1530	6	22.3233
473	21305	7	21.6081
473	8072	8	21.5548
473	6080	9	21.2938
473	17880	10	21.2679
474	6396	1	31.0494
474	10398	2	30.9086
474	17045	3	30.7547
474	19571	4	29.8318
474	3075	5	28.806
474	10844	6	28.602
474	23518	7	28.5283
474	20334	8	28.4715
474	15653	9	27.4422
474	21394	10	26.9327
475	17292	1	29.3925
475	18931	2	27.6613
475	7372	3	27.1281
475	24087	4	27.0696
475	22823	5	26.3244
475	16367	6	26.3097
475	24879	7	26.0632
475	12301	8	25.7886
475	11937	9	25.7457
475	10633	10	25.6461
476	18831	1	31.2512
476	841	2	30.2472
476	20719	3	30.0671
476	11299	4	29.3019
476	10677	5	28.8776
476	20975	6	27.9776
476	12306	7	27.9521
476	20750	8	27.9414
476	12006	9	27.9379
476	512	10	27.9348
477	14899	1	23.452
477	10008	2	23.273
477	16222	3	21.6573
477	16473	4	20.3527
477	8990	5	20.3088
477	10132	6	20.091
477	19821	7	20.0754
477	20076	8	19.4642
477	19701	9	19.3575
477	4815	10	19.3056
478	9774	1	29.5188
478	24173	2	26.7289
478	6386	3	26.2972
478	4329	4	25.9862
478	21797	5	25.9748
478	20755	6	25.7749
478	15862	7	25.7027
478	3676	8	25.5901
478	3655	9	25.5079
478	23425	10	25.3365
479	32	1	37.0336
479	19951	2	29.8143
479	3156	3	28.7337
479	13710	4	28.5934
479	14402	5	28.3487
479	11512	6	28.1546
479	118	7	28.0452
479	22776	8	27.8263
479	12020	9	27.7557
479	9878	10	27.7107
480	1780	1	31.0483
480	574	2	28.9192
480	7610	3	28.8452
480	21790	4	28.5982
480	6370	5	28.1185
480	2619	6	28.0513
480	9571	7	28.0209
480	25024	8	27.4878
480	1863	9	27.3878
480	10609	10	27.3798
481	22044	1	30.212
481	20730	2	29.481
481	23396	3	28.6038
481	13629	4	28.3479
481	19139	5	27.0921
481	24548	6	26.3752
481	570	7	26.2331
481	3527	8	25.9591
481	8560	9	25.7353
481	13711	10	25.7149
482	23981	1	36.8125
482	2429	2	30.9963
482	7380	3	29.1497
482	21558	4	28.9938
482	23104	5	28.8258
482	14356	6	27.962
482	7001	7	27.1988
482	24915	8	26.7299
482	10569	9	26.4266
482	12738	10	26.2794
483	15858	1	26.1739
483	16504	2	25.2497
483	23551	3	25.0392
483	7966	4	24.9176
483	23910	5	23.8046
483	15999	6	23.5654
483	15824	7	23.5061
483	14456	8	23.4991
483	12855	9	23.4128
483	18457	10	23.2494
484	13359	1	33.9347
484	7460	2	31.5431
484	999	3	29.3879
484	21632	4	24.2162
484	7716	5	24.0085
484	13360	6	23.2889
484	22314	7	23.1789
484	6910	8	22.7676
484	22359	9	21.9984
484	19860	10	21.7038
485	10987	1	24.4395
485	10826	2	24.2619
485	13386	3	24.0603
485	3488	4	23.9244
485	5180	5	22.3627
485	1773	6	22.351
485	4647	7	22.197
485	3770	8	21.932
485	4646	9	21.6306
485	18760	10	21.5481
486	21018	1	31.6695
486	3580	2	31.6551
486	10271	3	31.3505
486	19597	4	30.8616
486	21017	5	30.4962
486	10221	6	30.3339
486	5429	7	30.2321
486	17726	8	30.2087
486	2024	9	30.2003
486	13027	10	30.0248
487	13437	1	31.7682
487	24918	2	29.377
487	15067	3	28.9706
487	2482	4	28.7478
487	15359	5	28.1685
487	3888	6	27.6498
487	1939	7	27.593
487	9518	8	26.8922
487	5696	9	26.8332
487	4508	10	26.5283
488	13462	1	31.4732
488	11927	2	28.6625
488	13463	3	28.5688
488	13461	4	28.4402
488	9989	5	28.3478
488	10818	6	28.2099
488	4427	7	27.6769
488	16464	8	27.6494
488	13811	9	27.5031
488	2855	10	27.2842
489	13488	1	37.5544
489	10102	2	36.3423
489	23811	3	35.2275
489	21584	4	35.1408
489	13490	5	33.1911
489	20018	6	32.0711
489	2646	7	31.6916
489	10698	8	31.1803
489	9313	9	30.1243
489	5932	10	29.2022
490	2935	1	27.6731
490	16506	2	24.6907
490	8789	3	21.8611
490	24581	4	21.1827
490	3522	5	21.166
490	4099	6	20.972
490	11829	7	20.893
490	10879	8	20.8212
490	16171	9	20.7813
490	10495	10	20.4987
491	11102	1	30.3667
491	13537	2	27.6343
491	8054	3	27.181
491	13794	4	26.3405
491	11935	5	25.7018
491	7857	6	25.6662
491	12639	7	25.2969
491	21313	8	25.2271
491	6741	9	25.2179
491	9203	10	25.2172
492	18112	1	31.0221
492	10785	2	28.7398
492	17271	3	27.1777
492	12302	4	26.4907
492	17658	5	26.3971
492	6093	6	26.1825
492	17012	7	25.9963
492	593	8	25.966
492	12883	9	25.8018
492	4885	10	25.7593
493	767	1	28.0814
493	13063	2	24.4115
493	4649	3	22.9884
493	5026	4	22.8323
493	4508	5	22.7065
493	13872	6	22.5018
493	2765	7	22.1484
493	6050	8	21.855
493	24698	9	21.5619
493	2715	10	21.396
494	15115	1	36.472
494	9140	2	31.7268
494	13497	3	31.5653
494	20507	4	31.1496
494	17519	5	30.845
494	3436	6	30.807
494	19945	7	30.3401
494	18016	8	30.3308
494	25377	9	30.1197
494	18830	10	28.7035
495	11558	1	28.6088
495	541	2	28.3762
495	24890	3	28.3527
495	8769	4	28.0068
495	10624	5	28.0018
495	23812	6	27.9919
495	17694	7	27.6686
495	8082	8	27.6416
495	23828	9	27.5179
495	17151	10	27.4216
496	25416	1	24.5602
496	12789	2	23.4836
496	24841	3	21.5616
496	24845	4	21.1149
496	15920	5	21.1085
496	23393	6	20.7674
496	13667	7	20.7595
496	25133	8	19.8579
496	5201	9	19.8509
496	10656	10	19.1838
497	19405	1	27.8707
497	12867	2	26.9031
497	20873	3	26.6969
497	4967	4	25.7687
497	19781	5	24.8409
497	16403	6	24.7016
497	8448	7	23.6772
497	16406	8	23.5464
497	10307	9	23.4565
497	21979	10	23.3621
498	799	1	30.1059
498	6564	2	27.3769
498	14300	3	27.0642
498	1435	4	26.8945
498	8382	5	26.837
498	14742	6	26.6857
498	10321	7	26.6301
498	10325	8	26.3117
498	14993	9	26.1678
498	3630	10	26.1039
499	13839	1	31.2822
499	12200	2	30.1222
499	13327	3	29.5654
499	12531	4	29.5627
499	22633	5	29.4436
499	4434	6	28.922
499	11283	7	28.568
499	4458	8	28.5224
499	24282	9	28.4946
499	12715	10	28.2356
500	15017	1	28.6001
500	13761	2	26.8391
500	17324	3	26.5533
500	13763	4	25.907
500	18551	5	25.9013
500	2947	6	24.7169
500	16856	7	23.7957
500	1136	8	23.6521
500	12534	9	23.2944
500	10927	10	23.0647
501	9892	1	28.3742
501	3808	2	28.2244
501	6951	3	27.2447
501	9091	4	26.8695
501	6863	5	26.5267
501	5648	6	26.3763
501	3531	7	26.2662
501	23005	8	26.2541
501	18743	9	26.2072
501	3720	10	25.9581
502	8718	1	32.3827
502	6538	2	30.716
502	22673	3	29.4842
502	22831	4	29.066
502	2048	5	28.9695
502	20137	6	28.8145
502	3643	7	28.6362
502	5575	8	28.3883
502	18844	9	28.2313
502	5744	10	28.1685
503	5890	1	23.9019
503	6790	2	23.5788
503	5116	3	23.1938
503	12655	4	22.9996
503	4508	5	22.8673
503	23674	6	22.8252
503	8206	7	22.68
503	13860	8	22.6664
503	25013	9	22.4012
503	20323	10	22.2729
504	7349	1	30.1447
504	6390	2	28.9417
504	12285	3	28.8558
504	8840	4	28.8028
504	7943	5	28.4071
504	7059	6	28.3186
504	13862	7	27.8196
504	13865	8	27.1297
504	9413	9	26.8062
504	13341	10	26.2871
505	10039	1	30.8642
505	19112	2	28.3994
505	13888	3	27.0747
505	3927	4	26.1038
505	25582	5	25.3369
505	17886	6	25.1123
505	14571	7	24.8781
505	1612	8	24.7819
505	4667	9	24.4829
505	6387	10	24.3042
506	11520	1	33.8393
506	13223	2	30.5487
506	13914	3	28.2569
506	20471	4	27.9398
506	16680	5	26.7904
506	6921	6	26.2408
506	4107	7	24.595
506	19297	8	23.7597
506	20126	9	23.307
506	10814	10	23.1936
507	18020	1	28.7463
507	2398	2	28.4869
507	23780	3	27.9
507	15748	4	27.2828
507	10472	5	27.1188
507	18547	6	27.0811
507	12364	7	26.54
507	22028	8	25.9963
507	15684	9	25.2507
507	1191	10	25.0877
508	9161	1	27.7122
508	6458	2	27.0933
508	13960	3	27.0903
508	7252	4	26.5751
508	14310	5	25.782
508	15954	6	25.7255
508	24750	7	25.4615
508	6474	8	25.4338
508	5603	9	25.167
508	24449	10	25.0482
509	14101	1	28.7132
509	10555	2	27.2907
509	19585	3	25.5882
509	8776	4	25.2395
509	5047	5	24.8466
509	10818	6	24.7322
509	22754	7	24.541
509	1857	8	24.5382
509	22103	9	24.4044
509	4685	10	24.1691
510	7436	1	22.9559
510	8045	2	22.4303
510	5560	3	22.0198
510	7350	4	21.4082
510	7893	5	21.2963
510	12316	6	21.1442
510	24970	7	21.1346
510	15853	8	21.008
510	3117	9	20.9393
510	10335	10	20.9188
511	14044	1	28.275
511	22507	2	26.1301
511	11872	3	25.897
511	8635	4	25.8553
511	8636	5	25.812
511	24145	6	25.6797
511	24827	7	23.9555
511	20320	8	23.6116
511	24849	9	22.5451
511	14744	10	22.3645
512	862	1	37.2219
512	20755	2	35.6168
512	3676	3	35.0973
512	5085	4	33.1484
512	16447	5	32.4848
512	15479	6	31.8994
512	9134	7	31.5597
512	18398	8	31.5536
512	21360	9	31.3085
512	10017	10	31.1765
513	636	1	21.7103
513	6327	2	21.6847
513	25243	3	21.4924
513	3984	4	21.2
513	17199	5	21.1087
513	11776	6	20.732
513	7285	7	20.6447
513	20781	8	20.635
513	21227	9	20.6221
513	7369	10	20.5674
514	16912	1	32.5912
514	3618	2	28.391
514	11501	3	27.0404
514	14121	4	27.0033
514	9819	5	25.8836
514	12601	6	25.6852
514	1024	7	25.3248
514	3756	8	25.2355
514	18642	9	24.8763
514	2266	10	24.5967
515	14149	1	28.0067
515	16513	2	27.523
515	9650	3	26.9826
515	18	4	26.0167
515	7846	5	25.9331
515	3791	6	24.8866
515	20323	7	24.3631
515	19729	8	24.3169
515	14113	9	24.0429
515	11908	10	23.7524
516	14172	1	32.3011
516	671	2	28.2969
516	16047	3	26.4772
516	25179	4	26.3651
516	5022	5	26.0831
516	14173	6	26.0744
516	2907	7	25.9451
516	13822	8	25.8872
516	16045	9	25.7704
516	14174	10	25.6887
517	24410	1	32.5037
517	20246	2	32.3243
517	12275	3	31.4485
517	4727	4	31.0963
517	17237	5	30.5746
517	23488	6	30.4584
517	12352	7	29.9595
517	16550	8	29.8055
517	11399	9	29.7031
517	19189	10	29.6687
518	20493	1	28.6463
518	22724	2	27.1509
518	24141	3	27.1027
518	15119	4	26.9076
518	23435	5	26.7337
518	5727	6	26.7087
518	6285	7	26.6556
518	21166	8	26.6271
518	17331	9	26.2009
518	21384	10	25.9662
519	23743	1	25.4705
519	12838	2	22.8506
519	11329	3	22.7898
519	5247	4	22.1124
519	1731	5	21.587
519	10422	6	21.5453
519	23274	7	21.4767
519	8885	8	21.1816
519	10958	9	20.9781
519	842	10	20.854
520	16022	1	28.5718
520	3507	2	28.3496
520	577	3	28.1337
520	22048	4	28.1178
520	7268	5	28.0122
520	319	6	27.9905
520	15612	7	27.8997
520	5816	8	27.6522
520	8674	9	27.6208
520	3407	10	27.6135
521	14299	1	31.5774
521	23807	2	27.952
521	1470	3	27.3918
521	5600	4	25.6999
521	21161	5	25.0556
521	10537	6	23.993
521	384	7	23.6962
521	225	8	23.4831
521	12681	9	23.4613
521	7157	10	23.3241
522	3524	1	31.0681
522	10664	2	29.4825
522	16618	3	29.0482
522	2892	4	28.5583
522	14193	5	28.4615
522	22758	6	28.1367
522	14550	7	28.1108
522	12053	8	28.1018
522	623	9	27.9775
522	9057	10	27.9764
523	14352	1	35.6279
523	15952	2	27.7
523	24403	3	25.4217
523	7395	4	25.4007
523	12852	5	24.4023
523	2764	6	24.2161
523	19010	7	24.1224
523	23635	8	24.0815
523	1122	9	23.9782
523	4684	10	23.7511
524	16284	1	29.7868
524	17668	2	29.2601
524	13354	3	29.1103
524	1055	4	29.067
524	215	5	28.1374
524	5291	6	27.7134
524	13227	7	27.6497
524	20073	8	27.5124
524	6658	9	27.508
524	12529	10	27.5025
525	22165	1	23.936
525	6999	2	23.5053
525	14145	3	22.728
525	21882	4	22.5361
525	11504	5	21.8952
525	21178	6	21.8233
525	3162	7	21.7785
525	25075	8	21.5423
525	4637	9	21.4652
525	1582	10	21.2723
526	22608	1	27.5625
526	8044	2	26.9498
526	18989	3	26.9437
526	23400	4	26.5214
526	20252	5	26.4163
526	25436	6	26.3898
526	14615	7	26.0794
526	6851	8	25.98
526	16901	9	25.8784
526	17248	10	25.7819
527	9005	1	33.322
527	16250	2	31.8777
527	15641	3	31.7715
527	12157	4	31.0497
527	14449	5	30.7338
527	21239	6	29.8972
527	1774	7	29.5082
527	14116	8	29.4532
527	3574	9	29.1305
527	22905	10	28.9018
528	14473	1	36.1211
528	9730	2	33.6568
528	14475	3	33.4036
528	22908	4	33.2657
528	11124	5	32.486
528	16798	6	30.0172
528	7048	7	27.8855
528	3802	8	27.8323
528	21458	9	27.7832
528	20119	10	27.769
529	8519	1	34.856
529	7382	2	29.1413
529	7938	3	29.0466
529	10962	4	27.9457
529	13040	5	26.9585
529	12758	6	26.89
529	18647	7	26.6819
529	6693	8	25.9947
529	14499	9	25.9835
529	11213	10	25.6837
530	10135	1	38.5751
530	14521	2	37.5795
530	10134	3	37.345
530	4014	4	37.297
530	25003	5	37.0653
530	18892	6	36.3496
530	102	7	36.3355
530	14297	8	34.3417
530	14702	9	33.1222
530	16513	10	32.971
531	8938	1	24.6122
531	12652	2	23.6169
531	9366	3	23.6108
531	5429	4	23.2986
531	23456	5	23.2478
531	23819	6	23.165
531	11481	7	23.0786
531	7952	8	22.9502
531	12979	9	22.6078
531	24978	10	22.5403
532	14764	1	27.4985
532	8278	2	25.6235
532	13148	3	25.3841
532	14248	4	25.1469
532	11723	5	24.8116
532	8454	6	24.4295
532	13629	7	24.2553
532	579	8	23.8898
532	5968	9	22.8315
532	5151	10	22.615
533	14592	1	27.2355
533	15602	2	27.1656
533	21074	3	26.8825
533	7210	4	25.8348
533	4134	5	25.8061
533	10995	6	25.7654
533	3613	7	25.6764
533	496	8	25.4493
533	15599	9	25.2501
533	8041	10	25.1601
534	8821	1	25.2212
534	8600	2	24.7929
534	10856	3	24.702
534	3442	4	23.8911
534	23546	5	23.8761
534	9429	6	23.7462
534	6016	7	23.5626
534	17159	8	22.5064
534	22869	9	22.4815
534	20729	10	21.5077
535	12533	1	27.9516
535	21810	2	27.0151
535	4475	3	26.6079
535	5797	4	26.1787
535	18371	5	25.8643
535	14584	6	25.8434
535	25400	7	25.8234
535	10313	8	25.0055
535	24078	9	24.8843
535	18633	10	24.7324
536	4521	1	19.7797
536	2732	2	18.6054
536	7059	3	17.7428
536	11230	4	17.5208
536	10326	5	17.5052
536	22721	6	17.1388
536	10329	7	16.7017
536	21405	8	16.4027
536	11534	9	16.3899
536	10306	10	16.3315
537	4866	1	31.2557
537	19076	2	26.9875
537	6171	3	26.4166
537	5022	4	25.8897
537	23019	5	24.1476
537	565	6	22.9937
537	24190	7	22.9125
537	23252	8	22.078
537	12616	9	22.063
537	12012	10	21.893
538	14717	1	29.1373
538	6379	2	24.4059
538	9565	3	24.2381
538	9998	4	23.3415
538	10123	5	23.2198
538	10759	6	23.1269
538	22164	7	23.1164
538	7186	8	23.0012
538	5293	9	22.8682
538	18327	10	22.86
539	1217	1	31.666
539	23853	2	30.4828
539	5699	3	30.1258
539	10295	4	29.9232
539	21669	5	28.8464
539	4361	6	28.7437
539	12621	7	28.6364
539	6204	8	28.5128
539	19035	9	28.478
539	10142	10	28.1321
540	21125	1	30.8507
540	7206	2	30.6876
540	14836	3	28.5621
540	12932	4	28.2145
540	14490	5	27.7641
540	5669	6	27.6192
540	3722	7	27.5533
540	1177	8	27.2499
540	16587	9	27.2321
540	22676	10	27.0599
541	7933	1	36.1926
541	9412	2	35.0896
541	7001	3	34.6082
541	17720	4	34.394
541	21922	5	34.2443
541	7968	6	33.2604
541	5925	7	32.9068
541	15062	8	32.2328
541	2828	9	32.0759
541	379	10	31.8517
542	5218	1	27.2634
542	9668	2	26.9634
542	3188	3	26.4364
542	854	4	25.9148
542	764	5	25.8301
542	1506	6	25.7777
542	20637	7	25.6895
542	11872	8	25.5443
542	5217	9	25.4033
542	5216	10	25.2731
543	14718	1	28.0668
543	7186	2	27.6706
543	14717	3	27.6201
543	14719	4	26.7813
543	22911	5	25.6528
543	4796	6	25.078
543	15472	7	24.9533
543	17525	8	23.866
543	10609	9	23.721
543	8725	10	23.6548
544	13678	1	32.653
544	4351	2	31.1058
544	5541	3	31.1052
544	24525	4	30.444
544	15687	5	30.3715
544	17954	6	30.3357
544	22364	7	30.3096
544	5155	8	30.1034
544	15295	9	30.0116
544	15008	10	29.8753
545	910	1	34.0202
545	18016	2	30.4258
545	18110	3	28.6819
545	13497	4	28.3733
545	9140	5	28.0047
545	22193	6	27.7501
545	25021	7	27.5528
545	25362	8	27.2253
545	5283	9	26.9552
545	17243	10	26.8661
546	5522	1	31.0476
546	11068	2	27.9426
546	8583	3	27.2029
546	3814	4	26.1225
546	3971	5	25.7188
546	14916	6	25.3161
546	725	7	25.1163
546	5432	8	24.8671
546	9959	9	24.7997
546	12106	10	24.6004
547	15320	1	26.3681
547	2730	2	25.1935
547	22718	3	23.6175
547	14530	4	23.54
547	18	5	23.2969
547	10225	6	22.0853
547	13037	7	19.5681
547	18421	8	19.4212
547	17714	9	19.3185
547	7930	10	19.2632
548	14004	1	34.6231
548	3226	2	34.2939
548	1650	3	33.8735
548	12585	4	33.4071
548	789	5	33.2091
548	14966	6	32.7483
548	3839	7	32.5782
548	15400	8	32.5107
548	22746	9	31.901
548	14968	10	31.2174
549	13748	1	31.2774
549	5669	2	31.0251
549	20087	3	30.2388
549	12956	4	30.0151
549	23435	5	29.5555
549	18830	6	29.4012
549	10005	7	29.3664
549	2365	8	29.262
549	16574	9	29.1778
549	22776	10	28.7044
550	11538	1	21.23
550	17559	2	19.8803
550	10544	3	19.655
550	23354	4	19.4381
550	4143	5	19.1479
550	17188	6	18.5508
550	10750	7	18.2561
550	5557	8	18.2351
550	11836	9	18.2282
550	8180	10	18.0881
551	23911	1	33.4886
551	9404	2	33.1659
551	17388	3	30.1593
551	3387	4	29.9884
551	13281	5	29.2781
551	16397	6	28.9907
551	29	7	28.16
551	5825	8	28.1481
551	20323	9	27.9151
551	6792	10	27.806
552	18164	1	33.3142
552	20343	2	30.9158
552	1621	3	30.2198
552	13975	4	30.0643
552	14395	5	29.9383
552	20312	6	29.2787
552	8422	7	28.7262
552	19680	8	28.5809
552	3698	9	28.1354
552	23151	10	28.0802
553	21898	1	28.1459
553	15086	2	26.9759
553	15184	3	26.7176
553	10762	4	26.6148
553	722	5	25.8735
553	13602	6	25.7767
553	23607	7	25.5516
553	8753	8	25.2245
553	11891	9	25.1738
553	1000	10	24.9815
554	4616	1	32.078
554	7752	2	31.3264
554	10930	3	29.1184
554	6976	4	28.5035
554	4408	5	28.0731
554	11191	6	27.7378
554	5383	7	27.705
554	24090	8	27.6843
554	22588	9	27.5145
554	22051	10	27.4174
555	14762	1	33.5149
555	8381	2	32.9769
555	15135	3	31.8612
555	15201	4	30.0344
555	22244	5	29.7783
555	16946	6	29.0851
555	1902	7	29.0072
555	20991	8	28.651
555	10734	9	28.3856
555	24670	10	28.165
556	17229	1	29.6232
556	10257	2	27.6163
556	14647	3	26.4537
556	20458	4	25.478
556	14850	5	25.2069
556	20697	6	25.0987
556	11779	7	24.846
556	15618	8	24.7894
556	7854	9	24.6158
556	17916	10	24.5548
557	13154	1	32.9171
557	2900	2	32.7212
557	19627	3	32.3699
557	18233	4	30.7913
557	19632	5	30.7334
557	23503	6	30.3345
557	20994	7	28.9886
557	5956	8	28.6857
557	8388	9	28.6473
557	15181	10	28.5989
558	23045	1	26.4981
558	10082	2	25.7578
558	25174	3	25.709
558	10391	4	24.4568
558	11234	5	23.8836
558	18007	6	23.6674
558	5573	7	23.6578
558	4118	8	23.431
558	24196	9	23.1293
558	20984	10	23.0742
559	15176	1	33.4022
559	18783	2	33.2515
559	15230	3	32.126
559	21425	4	28.9063
559	15983	5	28.8442
559	23560	6	28.5848
559	10721	7	26.5022
559	23201	8	26.1688
559	15808	9	25.9358
559	24458	10	25.2447
560	15256	1	32.4716
560	19741	2	25.598
560	25288	3	23.4964
560	5102	4	22.5467
560	15847	5	22.2291
560	5257	6	21.7112
560	15074	7	21.1769
560	14281	8	21.1558
560	21228	9	20.3135
560	17102	10	19.9035
561	15285	1	30.3528
561	22289	2	26.3399
561	21411	3	23.5197
561	16620	4	22.8215
561	5011	5	21.247
561	18428	6	21.1137
561	5695	7	20.9571
561	6272	8	20.7956
561	21174	9	20.3609
561	24299	10	20.2765
562	18414	1	26.9849
562	11996	2	26.908
562	21383	3	25.9127
562	12861	4	25.4058
562	11225	5	24.7093
562	5528	6	24.6237
562	3070	7	24.416
562	9520	8	24.2824
562	7034	9	24.1118
562	4263	10	23.8429
563	15334	1	25.131
563	5709	2	23.9182
563	21225	3	23.2591
563	1412	4	21.5661
563	24275	5	21.1394
563	16710	6	20.2611
563	5372	7	19.4158
563	21030	8	19.4143
563	21803	9	18.9217
563	3727	10	18.2096
564	17104	1	32.8746
564	11677	2	27.9099
564	15364	3	27.3282
564	4228	4	27.1278
564	6425	5	25.9346
564	20134	6	25.6663
564	22995	7	25.2237
564	701	8	24.9924
564	672	9	24.883
564	3213	10	24.6678
565	14486	1	31.675
565	10306	2	30.2835
565	18358	3	27.0867
565	23132	4	27.0389
565	16932	5	26.7317
565	6257	6	26.4747
565	16591	7	25.6633
565	9102	8	25.2105
565	5214	9	25.1373
565	16053	10	25.0938
566	24840	1	24.8372
566	15850	2	24.4945
566	25275	3	24.4177
566	14551	4	24.043
566	19074	5	23.32
566	18717	6	22.7665
566	23362	7	22.6696
566	560	8	22.5607
566	6856	9	22.2486
566	18092	10	21.8832
567	19099	1	27.8511
567	1398	2	27.6944
567	24819	3	26.9756
567	24993	4	26.4669
567	1634	5	26.2253
567	24798	6	26.1991
567	16061	7	26.1819
567	15358	8	26.0208
567	8011	9	25.9369
567	17665	10	25.9184
568	16575	1	29.3806
568	25101	2	28.9149
568	23102	3	28.0488
568	10481	4	27.9892
568	15506	5	27.9507
568	10402	6	27.5447
568	10308	7	27.5089
568	3284	8	27.4876
568	20786	9	27.2428
568	17951	10	26.5473
569	22119	1	28.533
569	19922	2	28.394
569	7719	3	27.7878
569	21344	4	27.4501
569	9196	5	27.4433
569	5048	6	27.2154
569	18362	7	27.1906
569	17946	8	26.9933
569	18667	9	26.7727
569	25018	10	26.7662
570	15523	1	26.0435
570	20298	2	24.9678
570	6080	3	24.1947
570	20153	4	24.0637
570	11361	5	22.918
570	11470	6	22.6977
570	19785	7	22.6746
570	21852	8	22.5958
570	8525	9	22.5665
570	19129	10	22.3784
571	15134	1	32.8616
571	15542	2	31.5576
571	9585	3	31.1802
571	17083	4	30.8179
571	1312	5	30.7728
571	7057	6	30.654
571	6249	7	30.5218
571	2721	8	30.1829
571	13479	9	30.0823
571	6090	10	29.7305
572	5759	1	32.4542
572	13862	2	32.3619
572	18150	3	31.8947
572	8111	4	31.7243
572	7059	5	31.2254
572	3267	6	31.183
572	7349	7	30.5496
572	6272	8	30.1433
572	16842	9	30.0772
572	17372	10	29.9904
573	15601	1	32.7847
573	10995	2	31.3149
573	14592	3	30.8593
573	15602	4	30.8405
573	15742	5	29.906
573	17499	6	29.4326
573	3613	7	29.1001
573	7560	8	28.9598
573	23940	9	28.6484
573	7945	10	28.3301
574	18221	1	34.263
574	14254	2	33.4333
574	24689	3	30.7702
574	21273	4	28.9732
574	10841	5	28.0201
574	5545	6	27.9471
574	21525	7	27.918
574	19067	8	27.8926
574	7441	9	27.8259
574	11320	10	27.7783
575	16191	1	25.4313
575	15647	2	25.0202
575	5078	3	24.3086
575	16875	4	23.3308
575	3759	5	22.1844
575	998	6	22.0898
575	3961	7	21.6923
575	1655	8	21.544
575	5377	9	21.0542
575	13688	10	21.0388
576	7083	1	36.7351
576	16557	2	33.3897
576	19819	3	33.3391
576	1183	4	33.0392
576	21284	5	32.9018
576	2473	6	32.745
576	2785	7	32.5739
576	3972	8	32.0665
576	14556	9	31.9293
576	20493	10	31.8982
577	12794	1	28.4019
577	24500	2	27.2922
577	4002	3	26.2594
577	22096	4	25.9326
577	19288	5	25.3836
577	4073	6	25.3154
577	12119	7	24.9953
577	20729	8	24.9608
577	2645	9	24.8391
577	19580	10	24.8296
578	25087	1	32.2942
578	24616	2	31.0653
578	2692	3	29.9544
578	5796	4	29.6432
578	8816	5	26.3602
578	2535	6	26.3078
578	12760	7	26.2993
578	24430	8	25.4297
578	14591	9	25.4296
578	22029	10	25.3268
579	1193	1	29.8396
579	15746	2	29.4181
579	1063	3	28.9239
579	24871	4	27.6179
579	5400	5	27.0403
579	9161	6	26.1174
579	22306	7	25.8312
579	25073	8	25.5251
579	5285	9	25.2043
579	4291	10	25.1311
580	7939	1	26.2337
580	6394	2	26.0812
580	11675	3	26.0748
580	18394	4	25.7642
580	748	5	25.6738
580	6383	6	25.5952
580	1259	7	25.5835
580	1648	8	25.4385
580	7258	9	25.2379
580	21213	10	25.1981
581	14343	1	34.5443
581	15795	2	32.3481
581	4646	3	31.7593
581	6796	4	29.5596
581	11733	5	25.4712
581	15794	6	24.7621
581	10988	7	24.0231
581	359	8	23.7895
581	3488	9	23.7343
581	14420	10	23.3334
582	15817	1	36.0963
582	7320	2	31.4999
582	8119	3	29.9471
582	15815	4	29.7621
582	15818	5	28.5661
582	15819	6	28.0573
582	20471	7	27.6119
582	3426	8	27.2547
582	21293	9	27.1277
582	14009	10	27.1181
583	10875	1	28.9857
583	900	2	27.2284
583	22071	3	26.2472
583	15767	4	25.8142
583	15839	5	25.4373
583	13359	6	23.9504
583	8504	7	23.6575
583	9233	8	23.5937
583	15051	9	23.4132
583	6528	10	22.7609
584	1582	1	26.418
584	25180	2	25.1503
584	21109	3	24.3779
584	25200	4	23.795
584	7443	5	23.6291
584	21741	6	23.5856
584	5076	7	23.5621
584	24552	8	23.4118
584	5073	9	23.1699
584	21828	10	23.0491
585	12554	1	34.7835
585	9989	2	33.8596
585	24455	3	31.0195
585	5294	4	30.3823
585	8369	5	29.4685
585	1299	6	29.4198
585	18715	7	29.4183
585	4427	8	29.1266
585	1266	9	28.6463
585	9502	10	28.5033
586	15911	1	29.0283
586	16421	2	28.1796
586	15915	3	27.6047
586	15912	4	27.45
586	3999	5	25.1704
586	8410	6	22.5971
586	14713	7	22.501
586	15026	8	22.4792
586	19969	9	22.4778
586	2481	10	22.368
587	23868	1	26.4031
587	12149	2	24.5196
587	18640	3	23.9427
587	9406	4	23.5632
587	17544	5	23.1106
587	20941	6	22.799
587	1549	7	22.638
587	10707	8	22.5299
587	1745	9	22.2326
587	15941	10	22.0201
588	16570	1	31.4148
588	20567	2	31.1864
588	20053	3	27.6601
588	2421	4	27.0089
588	8535	5	26.6321
588	6101	6	26.2035
588	7607	7	26.1556
588	9842	8	26.0827
588	24889	9	26.0773
588	4762	10	25.9667
589	24014	1	32.2499
589	10695	2	32.1919
589	5177	3	30.2636
589	20720	4	30.1091
589	23848	5	30.0818
589	10625	6	30.0605
589	20451	7	29.7923
589	13895	8	29.6088
589	17293	9	29.5738
589	21256	10	29.5697
590	16019	1	35.0822
590	16020	2	32.3283
590	16021	3	32.275
590	6999	4	31.9791
590	11634	5	31.4752
590	1780	6	26.8218
590	15317	7	26.8036
590	1582	8	26.6133
590	8182	9	26.5256
590	14767	10	26.1529
591	13822	1	31.9914
591	8342	2	30.8683
591	11884	3	30.0871
591	16047	4	29.669
591	16048	5	28.8361
591	16002	6	28.4811
591	20641	7	27.5286
591	6053	8	26.9166
591	8142	9	26.8269
591	16456	10	26.7824
592	16073	1	27.8767
592	16074	2	27.6859
592	16076	3	26.0399
592	191	4	25.5053
592	19864	5	25.2896
592	5412	6	25.2553
592	5532	7	25.1649
592	18010	8	24.7822
592	1854	9	24.6771
592	7681	10	24.5
593	5593	1	29.9357
593	20020	2	29.9335
593	20368	3	29.2416
593	19870	4	28.6719
593	11681	5	27.5829
593	12754	6	27.5383
593	22987	7	27.3886
593	22573	8	26.2546
593	8559	9	26.2136
593	20019	10	25.9635
594	712	1	27.1863
594	1360	2	26.4398
594	24855	3	26.2097
594	23562	4	26.1075
594	13608	5	25.8745
594	8609	6	25.8591
594	5687	7	25.6982
594	17834	8	25.6816
594	19015	9	25.488
594	17271	10	25.4735
595	8876	1	34.5621
595	11776	2	33.5329
595	13375	3	32.7612
595	15600	4	30.8056
595	24126	5	30.2411
595	6157	6	29.993
595	13167	7	29.872
595	23817	8	29.4236
595	3088	9	29.2461
595	7712	10	29.2284
596	21774	1	27.9252
596	4700	2	25.787
596	19205	3	25.6292
596	14640	4	25.6061
596	521	5	24.7216
596	19890	6	24.3735
596	9735	7	23.9426
596	22500	8	23.37
596	19835	9	23.3564
596	5931	10	23.2046
597	1423	1	30.5945
597	16194	2	29.8519
597	11469	3	29.3658
597	1424	4	29.2899
597	12375	5	28.8511
597	2911	6	27.3279
597	18957	7	27.2454
597	10832	8	27.2301
597	11022	9	26.8904
597	1421	10	26.7198
598	17773	1	30.4447
598	24420	2	29.8026
598	21568	3	29.1435
598	24654	4	29.0712
598	19600	5	28.9926
598	23558	6	28.9414
598	18338	7	28.369
598	17776	8	28.3162
598	17910	9	28.2927
598	5553	10	27.9427
599	10301	1	27.6867
599	16243	2	27.4037
599	22610	3	26.2688
599	4128	4	26.2438
599	16245	5	26.1478
599	20991	6	25.9732
599	8858	7	25.6197
599	2221	8	25.4759
599	14191	9	25.3726
599	17706	10	25.2513
600	16274	1	26.0447
600	12186	2	24.8667
600	18434	3	23.3905
600	8761	4	23.1443
600	7069	5	22.9537
600	11851	6	22.863
600	10266	7	22.7075
600	6	8	22.5571
600	20790	9	22.3981
600	3776	10	22.2273
601	16505	1	29.3038
601	8683	2	25.9103
601	7468	3	25.7838
601	23550	4	25.5696
601	23240	5	25.4021
601	8093	6	25.1131
601	19658	7	25.0948
601	12244	8	24.9331
601	3949	9	24.8615
601	20655	10	24.6467
602	23691	1	24.9696
602	23309	2	24.9044
602	21010	3	24.8038
602	13789	4	24.597
602	5699	5	24.3257
602	23689	6	23.413
602	15082	7	23.3488
602	12302	8	23.2447
602	8991	9	23.1259
602	8232	10	23.0336
603	16354	1	28.4117
603	8177	2	24.6621
603	14129	3	22.4866
603	4289	4	22.3408
603	23172	5	22.1249
603	21644	6	21.7603
603	1477	7	21.5311
603	2119	8	21.1458
603	4899	9	21.0838
603	7514	10	20.922
604	6600	1	23.2911
604	6677	2	22.035
604	5433	3	21.9553
604	8229	4	21.7993
604	16973	5	21.7237
604	23268	6	21.5983
604	7631	7	21.4936
604	2812	8	21.4044
604	13460	9	21.3634
604	16856	10	21.3543
605	2119	1	31.2296
605	1477	2	28.9289
605	19726	3	28.912
605	10555	4	28.3862
605	20827	5	28.336
605	14559	6	28.3322
605	1864	7	28.006
605	25269	8	27.802
605	18711	9	27.2945
605	11346	10	27.2001
606	23328	1	33.8827
606	6564	2	33.7711
606	6298	3	33.2315
606	10578	4	31.0169
606	19713	5	30.4914
606	19190	6	30.3364
606	20419	7	30.1705
606	4426	8	30.136
606	23161	9	30.0628
606	16430	10	29.9725
607	16454	1	25.9943
607	10739	2	25.958
607	17007	3	24.5391
607	16456	4	24.3852
607	10269	5	24.0219
607	16452	6	23.9956
607	5366	7	23.7717
607	23078	8	23.6616
607	14638	9	23.657
607	4040	10	23.2668
608	11696	1	31.7477
608	12883	2	31.5808
608	13737	3	31.2787
608	15148	4	31.2489
608	3351	5	30.8147
608	23809	6	30.5887
608	10293	7	30.4878
608	14907	8	30.2899
608	5696	9	30.2071
608	2876	10	29.9104
609	2973	1	27.7921
609	714	2	27.1449
609	16501	3	26.3299
609	5019	4	26.2517
609	5310	5	26.0133
609	15548	6	25.9889
609	21927	7	25.8306
609	17462	8	25.821
609	11548	9	25.7257
609	14762	10	25.6389
610	16526	1	33.1735
610	54	2	29.3648
610	9018	3	28.8316
610	4391	4	28.1728
610	4356	5	27.0791
610	17767	6	26.7834
610	6282	7	26.6948
610	16219	8	26.4645
610	6407	9	26.0378
610	16220	10	25.9903
611	6166	1	31.0461
611	15850	2	30.9249
611	4983	3	29.96
611	11093	4	28.31
611	574	5	28.1984
611	11780	6	27.7815
611	7521	7	27.6548
611	21624	8	27.6269
611	20205	9	27.6209
611	3722	10	27.48
612	16038	1	29.7837
612	23278	2	27.6629
612	10775	3	27.1433
612	2737	4	26.6895
612	22030	5	26.6322
612	16575	6	26.4527
612	5406	7	26.2248
612	9002	8	25.9207
612	375	9	25.4949
612	13251	10	25.4896
613	3606	1	33.5705
613	16603	2	31.2618
613	16601	3	30.7181
613	22728	4	28.2979
613	8912	5	27.7801
613	4765	6	27.4495
613	16602	7	26.942
613	24732	8	26.6434
613	21095	9	25.2271
613	14654	10	23.3517
614	22457	1	29.7645
614	21748	2	26.5787
614	4703	3	26.2589
614	3689	4	26.0517
614	18356	5	26.03
614	16628	6	25.8424
614	11383	7	25.7854
614	9424	8	25.7303
614	11838	9	25.1935
614	236	10	25.1685
615	9807	1	34.8116
615	13230	2	34.0802
615	16652	3	33.6834
615	18565	4	32.2301
615	16655	5	32.226
615	9026	6	32.1819
615	16699	7	32.1226
615	16656	8	32.0518
615	3432	9	31.5178
615	18848	10	31.2631
616	16677	1	31.5256
616	24505	2	31.4962
616	87	3	29.6153
616	6524	4	29.0453
616	3023	5	28.4756
616	16678	6	27.5341
616	8559	7	25.3599
616	22770	8	24.4107
616	15933	9	24.2204
616	20057	10	24.0043
617	7755	1	31.0062
617	14426	2	29.324
617	1103	3	27.7408
617	18715	4	27.561
617	98	5	27.1802
617	3938	6	27.0171
617	23400	7	26.8108
617	15382	8	26.5564
617	19920	9	26.4831
617	196	10	26.4752
618	16725	1	29.3578
618	19902	2	23.6096
618	19692	3	23.599
618	16724	4	22.536
618	3137	5	22.1299
618	25111	6	22.0117
618	10430	7	21.5512
618	10501	8	21.1613
618	12754	9	20.9332
618	20331	10	20.7626
619	16751	1	29.9895
619	21487	2	24.3254
619	17626	3	23.8613
619	15511	4	23.6337
619	2812	5	22.905
619	24530	6	22.3551
619	4518	7	22.3355
619	14324	8	22.2296
619	6313	9	22.2209
619	8163	10	22.1712
620	24400	1	25.7022
620	14546	2	25.6117
620	13060	3	24.6665
620	19462	4	24.4171
620	18434	5	23.738
620	11918	6	23.5448
620	4075	7	23.5038
620	17289	8	23.4464
620	11899	9	23.3601
620	22537	10	23.2123
621	3887	1	33.5016
621	16800	2	27.8968
621	3731	3	27.0143
621	16803	4	26.8965
621	16498	5	26.5171
621	18648	6	26.4555
621	5013	7	26.3935
621	23290	8	26.2163
621	25076	9	26.1028
621	15075	10	26.0292
622	18219	1	23.4738
622	5895	2	23.1478
622	25200	3	22.795
622	24987	4	21.7484
622	16826	5	21.6981
622	24685	6	21.569
622	18693	7	21.1386
622	21300	8	20.7725
622	972	9	20.7684
622	8690	10	20.76
623	18816	1	34.9758
623	18944	2	31.2
623	16197	3	30.5346
623	3678	4	29.9211
623	22101	5	29.7866
623	24147	6	27.939
623	7660	7	27.4894
623	3725	8	27.2319
623	13710	9	27.2097
623	6752	10	27.072
624	5941	1	32.176
624	14281	2	29.1237
624	14734	3	28.4525
624	13908	4	27.6351
624	18840	5	27.4748
624	18897	6	27.4028
624	1729	7	27.2388
624	12989	8	26.8814
624	20363	9	26.8451
624	7083	10	26.8368
625	5758	1	28.805
625	14181	2	28.016
625	12411	3	27.6094
625	9639	4	25.6725
625	10712	5	25.5525
625	19075	6	25.4249
625	23541	7	25.4003
625	11578	8	25.0148
625	20895	9	24.8049
625	2576	10	24.7859
626	25367	1	36.3927
626	6026	2	34.7127
626	1514	3	32.8409
626	23349	4	31.6181
626	17320	5	30.8763
626	16992	6	30.4424
626	24423	7	30.2386
626	17854	8	29.7271
626	6164	9	29.6087
626	13952	10	29.2119
627	11176	1	27.6068
627	19323	2	27.4503
627	25153	3	27.1325
627	11337	4	26.5583
627	8048	5	26.4062
627	383	6	26.3122
627	3656	7	26.1848
627	5228	8	25.9191
627	14009	9	25.8904
627	969	10	25.8871
628	9687	1	30.3915
628	24750	2	29.1287
628	13488	3	26.6043
628	4259	4	26.3982
628	4258	5	26.1838
628	19882	6	26.1401
628	13952	7	26.0172
628	2414	8	26.0168
628	5679	9	25.9998
628	21584	10	25.9899
629	16991	1	29.1777
629	16993	2	28.1038
629	15083	3	27.5424
629	10385	4	25.4377
629	15035	5	25.3639
629	1360	6	24.8056
629	20190	7	24.5928
629	368	8	23.9078
629	3772	9	23.6702
629	11868	10	23.3638
630	181	1	30.6278
630	23491	2	30.3192
630	24577	3	30.0634
630	20755	4	29.7706
630	20857	5	29.2718
630	18787	6	29.1742
630	9517	7	29.0399
630	16509	8	28.4282
630	12447	9	28.2906
630	14423	10	28.2596
631	11467	1	30.1212
631	16261	2	26.2936
631	21322	3	25.9389
631	17041	4	25.6892
631	18123	5	25.6729
631	19311	6	25.4446
631	14792	7	25.1914
631	18925	8	25.0825
631	2123	9	24.7218
631	17040	10	24.6997
632	4133	1	30.9702
632	15981	2	30.2627
632	12554	3	29.8531
632	19225	4	29.7269
632	8396	5	29.3358
632	447	6	28.9896
632	5537	7	28.9389
632	13966	8	28.849
632	22124	9	28.7237
632	16634	10	28.5934
633	182	1	27.6412
633	15597	2	26.6725
633	3716	3	26.5915
633	17088	4	25.4575
633	6140	5	25.0253
633	18298	6	24.5116
633	2137	7	24.4969
633	12722	8	24.0338
633	17636	9	23.9395
633	18270	10	23.3116
634	18457	1	33.8068
634	20970	2	31.7246
634	8056	3	31.1893
634	14366	4	30.8764
634	698	5	30.1059
634	10816	6	29.8961
634	1376	7	29.6592
634	16634	8	29.3261
634	21445	9	29.253
634	1232	10	29.2158
635	7237	1	27.7646
635	11828	2	26.3123
635	17137	3	24.5399
635	14252	4	23.9199
635	3140	5	23.6912
635	22303	6	23.2559
635	16637	7	22.9756
635	6892	8	22.7835
635	7672	9	22.5508
635	10860	10	22.505
636	1774	1	31.8479
636	14449	2	29.7439
636	3574	3	29.3836
636	4727	4	29.1992
636	24830	5	29.1551
636	13281	6	28.5412
636	12157	7	28.537
636	17165	8	27.7585
636	6766	9	27.5455
636	21508	10	27.345
637	18497	1	35.776
637	23015	2	31.5132
637	9222	3	31.0457
637	18493	4	30.7417
637	15982	5	30.6608
637	3354	6	30.1407
637	8896	7	29.9058
637	20041	8	29.6304
637	14340	9	29.5315
637	6779	10	28.9001
638	17013	1	26.1724
638	10396	2	25.7377
638	25281	3	25.6762
638	911	4	25.6259
638	10082	5	24.9252
638	17214	6	24.841
638	7418	7	24.7628
638	9325	8	24.6354
638	24245	9	24.3779
638	19078	10	24.2612
639	8372	1	23.7134
639	23900	2	23.2449
639	12547	3	22.9147
639	7516	4	22.6542
639	19714	5	22.5862
639	11436	6	22.5136
639	2357	7	22.3482
639	1553	8	22.2496
639	17345	9	22.0047
639	15485	10	22.0039
640	6947	1	39.5021
640	13799	2	38.7132
640	24214	3	38.196
640	5186	4	37.5571
640	23265	5	37.3945
640	7374	6	36.6618
640	13814	7	36.5872
640	11079	8	36.0014
640	24734	9	34.9759
640	21306	10	34.7745
641	10734	1	36.4414
641	17283	2	33.9367
641	21692	3	31.7738
641	17561	4	29.0114
641	13030	5	28.9366
641	25072	6	28.2929
641	13717	7	28.1104
641	2958	8	27.8329
641	10128	9	27.7772
641	18337	10	27.7197
642	88	1	26.6455
642	6574	2	25.1096
642	11424	3	23.4179
642	12705	4	23.3722
642	6759	5	23.2007
642	6150	6	23.1869
642	24241	7	22.7218
642	2572	8	22.5774
642	19192	9	22.5284
642	2797	10	22.4701
643	8740	1	29.5426
643	9655	2	27.5282
643	1341	3	27.4328
643	16432	4	27.2414
643	11979	5	26.7462
643	8969	6	25.893
643	4933	7	25.4667
643	3358	8	25.009
643	14140	9	24.924
643	10666	10	24.8691
644	5824	1	27.1988
644	4620	2	25.4176
644	7455	3	25.3951
644	115	4	24.2902
644	676	5	24.2599
644	14964	6	23.7851
644	20805	7	23.6217
644	20835	8	23.3281
644	18182	9	23.0864
644	2656	10	22.9804
645	23205	1	29.3995
645	1452	2	26.4981
645	4289	3	25.4281
645	23172	4	25.1001
645	21333	5	24.9965
645	7514	6	24.9156
645	9602	7	24.8735
645	12058	8	24.8577
645	14559	9	24.4564
645	24038	10	24.4267
646	24091	1	29.7374
646	17412	2	29.3145
646	17413	3	28.9908
646	21598	4	28.7875
646	17415	5	26.7528
646	17414	6	26.7426
646	18025	7	26.7082
646	10318	8	25.2187
646	18028	9	24.3901
646	10320	10	23.6878
647	15713	1	30.3488
647	9734	2	29.0611
647	6564	3	27.3047
647	14138	4	27.0459
647	14993	5	26.7461
647	1068	6	26.6967
647	11493	7	25.22
647	17440	8	24.9742
647	15560	9	24.5395
647	20281	10	24.5117
648	13065	1	34.9101
648	10624	2	34.5213
648	22384	3	31.8044
648	13232	4	31.4358
648	23812	5	30.5095
648	22244	6	30.1636
648	17461	7	30.1295
648	18452	8	29.8995
648	23687	9	29.8967
648	13639	10	29.7981
649	3154	1	28.191
649	21482	2	27.4121
649	11565	3	25.7775
649	24600	4	25.3262
649	4188	5	24.6838
649	12739	6	24.5871
649	11744	7	24.4047
649	21758	8	24.2598
649	3614	9	24.0242
649	17686	10	23.9931
650	22101	1	31.2253
650	698	2	30.3655
650	8345	3	30.1894
650	4275	4	29.8987
650	14896	5	29.8379
650	8899	6	29.4877
650	2977	7	29.2159
650	1657	8	29.1751
650	8689	9	28.7842
650	23043	10	28.6242
651	4153	1	24.2414
651	7889	2	23.4711
651	8649	3	23.3944
651	7084	4	23.3381
651	1380	5	22.8812
651	8232	6	22.5291
651	1978	7	22.4437
651	21010	8	22.3004
651	25129	9	22.2426
651	18059	10	22.1096
652	14766	1	30.8743
652	10235	2	30.7222
652	5963	3	29.5299
652	18037	4	29.1827
652	22433	5	27.9525
652	12348	6	27.5174
652	4370	7	27.3444
652	23777	8	27.3325
652	21157	9	27.1895
652	9801	10	26.9494
653	15775	1	23.2987
653	16343	2	22.4858
653	4572	3	21.9748
653	8357	4	21.5613
653	22451	5	21.1628
653	11887	6	20.9528
653	21311	7	20.6272
653	17970	8	20.6173
653	13631	9	20.2312
653	825	10	20.1175
654	17602	1	24.8845
654	6970	2	22.4104
654	11641	3	21.9716
654	15644	4	21.0224
654	14377	5	20.9499
654	4146	6	20.9364
654	25616	7	20.8258
654	20605	8	20.7606
654	2250	9	20.6675
654	15992	10	20.6365
655	25531	1	38.9618
655	15486	2	36.3799
655	17151	3	35.0883
655	2799	4	34.1109
655	17175	5	33.5162
655	17628	6	33.4742
655	24297	7	33.3416
655	16947	8	33.2516
655	1679	9	33.1534
655	17461	10	32.9773
656	17655	1	31.3868
656	10352	2	30.5644
656	3086	3	28.4711
656	17653	4	27.627
656	19555	5	27.567
656	17654	6	27.2667
656	16511	7	27.1556
656	10888	8	27.1314
656	3313	9	26.0963
656	9482	10	25.8249
657	5049	1	40.179
657	2051	2	39.1029
657	17981	3	38.8444
657	14783	4	36.2562
657	3132	5	35.8557
657	22301	6	35.4734
657	10954	7	34.3962
657	16210	8	34.09
657	13488	9	34.0071
657	1508	10	33.977
658	2048	1	26.7611
658	17702	2	26.6906
658	9519	3	26.2144
658	21060	4	26.0486
658	10768	5	26.0224
658	7204	6	25.9047
658	22847	7	25.6499
658	19078	8	25.3775
658	18458	9	25.2348
658	6981	10	25.1593
659	6865	1	38.2915
659	5031	2	37.8398
659	1434	3	37.0065
659	16509	4	36.0149
659	3722	5	35.829
659	102	6	35.6494
659	17116	7	35.3238
659	20292	8	35.3057
659	24873	9	35.226
659	20029	10	35.0176
660	4073	1	28.2889
660	17819	2	27.6619
660	14172	3	27.489
660	7292	4	27.2852
660	17796	5	26.7274
660	22055	6	26.5312
660	1182	7	26.271
660	25179	8	26.2397
660	19498	9	26.1892
660	671	10	25.9085
661	4391	1	26.8053
661	19464	2	26.7117
661	24355	3	25.0736
661	24353	4	24.0828
661	14211	5	24.0385
661	7895	6	23.7291
661	6559	7	23.7169
661	2960	8	23.2287
661	5041	9	23.184
661	3232	10	23.1683
662	15758	1	34.3725
662	7301	2	33.4365
662	17800	3	31.8472
662	18942	4	31.2787
662	2006	5	29.4858
662	21661	6	29.4441
662	13405	7	29.3224
662	1612	8	29.2827
662	10789	9	29.235
662	17895	10	28.8902
663	17337	1	25.9195
663	3103	2	25.6941
663	17824	3	25.5774
663	6463	4	25.4194
663	11726	5	25.2349
663	15830	6	24.9935
663	3626	7	24.6962
663	11096	8	24.592
663	3323	9	24.4455
663	403	10	23.9452
664	4048	1	33.1819
664	21985	2	32.5889
664	1457	3	32.1869
664	1562	4	31.8795
664	7533	5	30.8242
664	13227	6	30.2874
664	12458	7	30.0087
664	18017	8	29.6321
664	25589	9	29.4172
664	11820	10	28.72
665	5479	1	27.7268
665	2863	2	27.6351
665	12743	3	27.1685
665	5812	4	26.47
665	4581	5	26.3462
665	5713	6	26.3364
665	12305	7	26.1173
665	16363	8	26.0484
665	8801	9	25.9323
665	17244	10	25.7643
666	11221	1	34.5399
666	17902	2	33.6577
666	5798	3	33.0253
666	17629	4	32.8074
666	17903	5	32.7359
666	17906	6	32.0564
666	13	7	31.9297
666	1735	8	31.9063
666	20499	9	31.6398
666	540	10	31.4703
667	22010	1	32.4679
667	14340	2	31.2489
667	23919	3	30.8896
667	10244	4	30.6468
667	3199	5	30.4457
667	19274	6	30.411
667	8150	7	30.1688
667	19242	8	29.8896
667	4857	9	29.5738
667	6004	10	29.4676
668	15418	1	25.4708
668	17945	2	25.0958
668	9213	3	23.311
668	25416	4	21.9336
668	20003	5	21.9227
668	1012	6	21.8614
668	18684	7	21.8469
668	5709	8	21.723
668	21225	9	21.6189
668	614	10	21.4833
669	21654	1	25.963
669	20119	2	25.3648
669	19970	3	25.188
669	13260	4	24.8184
669	18541	5	24.803
669	9461	6	24.5372
669	15960	7	24.3889
669	15046	8	24.1951
669	5175	9	24.0974
669	4334	10	23.842
670	18173	1	26.9521
670	19900	2	26.8061
670	3775	3	26.229
670	2174	4	26.2118
670	8563	5	26.0828
670	4706	6	25.7071
670	14810	7	25.6962
670	21539	8	25.2442
670	21391	9	25.0592
670	25632	10	24.5382
671	22927	1	24.1096
671	15325	2	22.5686
671	533	3	22.0021
671	18026	4	21.4241
671	4949	5	21.1992
671	17413	6	20.9261
671	4194	7	20.9047
671	2671	8	20.7376
671	17412	9	20.7161
671	6596	10	20.6897
672	11516	1	34.8965
672	15164	2	33.0253
672	23976	3	32.9103
672	9923	4	32.4511
672	13358	5	32.4114
672	22853	6	32.2685
672	9921	7	32.0979
672	19795	8	31.7679
672	23977	9	31.6628
672	7831	10	31.442
673	18068	1	31.7711
673	5186	2	31.2413
673	23969	3	29.6642
673	16550	4	29.4978
673	12198	5	28.7393
673	5669	6	28.5018
673	6676	7	27.8276
673	698	8	27.7062
673	12765	9	27.6758
673	14378	10	27.0604
674	8883	1	39.6514
674	20052	2	29.9033
674	14007	3	29.8628
674	10109	4	29.5474
674	25313	5	29.1566
674	19735	6	29.1118
674	7504	7	28.9577
674	14418	8	28.9312
674	2949	9	28.6231
674	24175	10	28.4377
675	20323	1	35.0832
675	19190	2	32.3793
675	11603	3	31.988
675	22405	4	29.0401
675	7764	5	28.3472
675	21834	6	27.9716
675	22878	7	27.8755
675	23269	8	27.7809
675	10263	9	27.7542
675	10744	10	27.6245
676	18144	1	33.7502
676	18145	2	31.1855
676	4027	3	30.5524
676	24456	4	29.9072
676	5318	5	27.8933
676	23937	6	27.7193
676	1305	7	26.8772
676	18579	8	26.7712
676	7705	9	26.4111
676	25443	10	26.0257
677	1273	1	27.9048
677	165	2	27.6876
677	23824	3	27.4751
677	20517	4	26.4043
677	11185	5	25.1537
677	5910	6	25.141
677	8988	7	24.5897
677	593	8	24.3373
677	10248	9	24.3248
677	17658	10	24.0934
678	19705	1	35.0898
678	6879	2	33.2002
678	16312	3	31.6732
678	4767	4	31.6649
678	19	5	31.5499
678	1618	6	31.4884
678	24722	7	31.4725
678	14029	8	31.4719
678	7521	9	30.8398
678	22133	10	30.6127
679	19979	1	20.4707
679	8535	2	20.0714
679	2953	3	19.9947
679	15583	4	19.187
679	14875	5	18.8071
679	3446	6	18.3989
679	10591	7	17.2047
679	22195	8	16.9948
679	5072	9	16.4938
679	18347	10	16.3513
680	319	1	23.6402
680	15543	2	23.2212
680	19868	3	22.2252
680	4051	4	21.8746
680	11993	5	21.385
680	1851	6	21.1546
680	4935	7	20.9715
680	16590	8	20.2032
680	7974	9	20.0552
680	811	10	19.499
681	19180	1	29.4152
681	4312	2	27.708
681	11122	3	27.6397
681	2572	4	26.7507
681	13571	5	26.652
681	9937	6	25.2383
681	16661	7	24.9905
681	17781	8	24.7587
681	17498	9	24.6194
681	5064	10	24.269
682	18294	1	28.7397
682	21920	2	27.8858
682	9899	3	26.8617
682	24430	4	26.7639
682	19712	5	26.5075
682	15805	6	26.3777
682	19914	7	25.8792
682	20754	8	25.3162
682	3221	9	25.2919
682	22202	10	25.1529
683	21613	1	26.6688
683	15650	2	24.4078
683	635	3	24.0069
683	6406	4	23.7483
683	22265	5	23.7143
683	24731	6	23.4852
683	461	7	23.2182
683	16133	8	23.0187
683	20597	9	22.8853
683	23285	10	22.7476
684	21465	1	33.7169
684	18344	2	29.94
684	16312	3	29.8569
684	24887	4	29.6571
684	2805	5	29.3775
684	5085	6	29.1338
684	2593	7	29.0534
684	16649	8	28.9373
684	14836	9	28.7534
684	3384	10	28.432
685	13454	1	39.0987
685	22218	2	36.9717
685	24615	3	36.9105
685	3258	4	36.2729
685	18803	5	36.1373
685	1153	6	35.8721
685	2596	7	35.7205
685	1648	8	35.6768
685	21517	9	34.9698
685	19428	10	34.4937
686	94	1	33.9671
686	857	2	29.1726
686	20113	3	28.4942
686	12693	4	28.2384
686	11422	5	27.4649
686	19276	6	27.2448
686	8578	7	26.4504
686	1553	8	26.2103
686	14359	9	25.8131
686	21149	10	25.5987
687	18405	1	29.0007
687	4660	2	27.1468
687	18404	3	26.773
687	17288	4	26.7138
687	18407	5	26.3321
687	8413	6	26.0458
687	4132	7	25.8221
687	14417	8	25.4094
687	18408	9	24.8425
687	11142	10	24.8356
688	10883	1	37.5609
688	13071	2	37.0334
688	6456	3	33.1318
688	5302	4	32.5051
688	8761	5	31.3263
688	18434	6	30.982
688	16394	7	29.9842
688	10006	8	29.6809
688	5883	9	28.2538
688	3776	10	28.2247
689	234	1	31.9566
689	18508	2	29.8108
689	25259	3	27.4962
689	17849	4	27.2844
689	18459	5	26.5632
689	11586	6	26.5611
689	2150	7	26.4994
689	9165	8	26.3461
689	11513	9	26.237
689	21215	10	25.9209
690	21856	1	31.0541
690	16550	2	30.7975
690	11761	3	30.7903
690	6524	4	30.4909
690	6971	5	30.3191
690	3208	6	30.1778
690	317	7	30.1237
690	25311	8	30.0622
690	18457	9	29.8745
690	698	10	29.6522
691	16102	1	33.5195
691	1412	2	28.8507
691	21225	3	28.7862
691	11244	4	28.0871
691	22650	5	27.0893
691	1649	6	26.7952
691	18714	7	26.7939
691	2391	8	26.1182
691	4016	9	25.9586
691	6247	10	25.8095
692	10670	1	31.7999
692	22442	2	31.4107
692	17942	3	30.6703
692	21135	4	30.5686
692	10177	5	29.7472
692	18532	6	29.6249
692	9000	7	29.6205
692	3229	8	29.4228
692	14421	9	29.1434
692	18596	10	29.1314
693	243	1	27.6626
693	12570	2	27.4868
693	18345	3	26.2726
693	15289	4	26.049
693	1225	5	25.8074
693	17988	6	25.5807
693	10035	7	25.2813
693	22326	8	25.0179
693	10980	9	24.9268
693	16434	10	24.7239
694	20332	1	28.6114
694	24214	2	28.268
694	9542	3	27.9722
694	22361	4	27.3172
694	6939	5	27.2431
694	14308	6	26.925
694	11576	7	26.5682
694	14068	8	26.4311
694	25613	9	26.1141
694	1578	10	26.0709
695	6338	1	37.3685
695	13618	2	30.8835
695	18106	3	30.8735
695	10602	4	29.9885
695	5342	5	29.4518
695	11115	6	29.4149
695	9778	7	29.3417
695	3480	8	29.3399
695	23530	9	29.1811
695	11117	10	28.8079
696	12292	1	33.1445
696	18633	2	30.3497
696	16137	3	30.3275
696	24818	4	30.041
696	14034	5	29.8468
696	6371	6	28.8283
696	22773	7	25.6209
696	558	8	24.8385
696	5094	9	24.5293
696	15208	10	24.075
697	18659	1	32.3945
697	1669	2	29.08
697	18658	3	27.9895
697	3628	4	26.7359
697	4884	5	25.2211
697	17166	6	24.1864
697	3326	7	23.7342
697	14334	8	23.3366
697	6308	9	22.9156
697	12886	10	22.8959
698	11038	1	28.24
698	16285	2	28.077
698	9516	3	25.4182
698	9380	4	23.9995
698	24461	5	23.1681
698	3966	6	22.9247
698	23063	7	22.7882
698	8284	8	22.6964
698	15675	9	22.62
698	15964	10	21.9982
699	19225	1	34.7937
699	12315	2	26.565
699	14995	3	26.1711
699	2949	4	26.1656
699	11839	5	25.5328
699	16402	6	25.5062
699	19947	7	25.4912
699	11595	8	25.3144
699	12934	9	25.0343
699	12264	10	24.7885
700	23258	1	29.702
700	18719	2	29.169
700	18720	3	29.0936
700	14978	4	27.4804
700	3930	5	27.4315
700	18722	6	27.2256
700	19449	7	26.7421
700	19752	8	26.422
700	6616	9	26.3471
700	17263	10	25.6409
701	1902	1	29.48
701	18744	2	28.1448
701	6466	3	28.1208
701	24951	4	27.5564
701	24925	5	27.2871
701	10455	6	26.0886
701	17632	7	25.9964
701	383	8	25.8734
701	10212	9	25.2539
701	11195	10	25.2062
702	20540	1	26.0639
702	12672	2	25.8117
702	1444	3	24.1441
702	15597	4	23.102
702	2679	5	22.706
702	12662	6	22.7048
702	17742	7	22.6957
702	21357	8	22.1586
702	19274	9	22.0118
702	8619	10	20.3175
703	20117	1	27.12
703	22742	2	23.754
703	2015	3	23.6886
703	10378	4	22.868
703	25377	5	22.427
703	2017	6	21.2693
703	19945	7	21.2685
703	11016	8	21.0388
703	10786	9	21.0199
703	12794	10	20.8766
704	15084	1	33.7599
704	22113	2	33.3674
704	21254	3	32.7633
704	8552	4	32.0499
704	24776	5	31.8214
704	23087	6	31.6473
704	11904	7	31.4141
704	19418	8	31.32
704	10384	9	31.2329
704	18768	10	31.0414
705	3188	1	28.2493
705	10991	2	28.131
705	22902	3	28.0527
705	2579	4	27.9895
705	8343	5	27.4017
705	18729	6	27.3597
705	22670	7	26.8997
705	15343	8	26.757
705	18152	9	26.0724
705	764	10	26.0073
706	19357	1	20.9868
706	12043	2	20.8222
706	17831	3	19.2865
706	8308	4	19.1236
706	6804	5	18.9985
706	8643	6	18.8405
706	12528	7	18.6082
706	16984	8	18.4671
706	20444	9	18.4178
706	17547	10	18.4108
707	25212	1	33.6914
707	19650	2	33.4518
707	23994	3	33.0012
707	13917	4	32.2215
707	16637	5	31.9654
707	25506	6	31.8762
707	1172	7	31.3972
707	2399	8	31.2523
707	1978	9	31.239
707	17621	10	31.1607
708	10980	1	30.3524
708	21509	2	27.746
708	2241	3	27.176
708	8607	4	27.1077
708	24998	5	27.0469
708	20626	6	26.9005
708	5166	7	26.0947
708	835	8	26.0138
708	7254	9	25.8509
708	15903	10	25.8175
709	4972	1	27.0289
709	109	2	26.7333
709	9700	3	26.6694
709	6374	4	26.1773
709	23886	5	26.0698
709	14545	6	26.0587
709	16144	7	25.8218
709	22508	8	25.7833
709	7030	9	25.7421
709	6398	10	25.7038
710	21441	1	27.7862
710	25337	2	27.5386
710	8748	3	27.1048
710	23796	4	26.9277
710	1413	5	26.2904
710	18593	6	25.91
710	6876	7	25.2744
710	5406	8	24.1475
710	9931	9	24.112
710	3906	10	24.0422
711	3962	1	25.2061
711	5795	2	23.3621
711	20047	3	22.2051
711	6223	4	21.3207
711	13207	5	20.9004
711	6689	6	20.76
711	24009	7	20.6558
711	9736	8	20.5224
711	18925	9	20.328
711	1943	10	20.2026
712	18416	1	31.014
712	24786	2	29.0081
712	1126	3	28.8619
712	23078	4	28.7269
712	3642	5	28.6999
712	6559	6	28.6255
712	18668	7	28.3099
712	1258	8	27.8805
712	1883	9	27.8415
712	11314	10	27.471
713	18768	1	38.4285
713	16992	2	37.4651
713	24776	3	35.9515
713	18743	4	35.1817
713	23087	5	34.8288
713	8379	6	34.7258
713	24178	7	34.0481
713	9775	8	33.5804
713	25118	9	33.3193
713	16566	10	33.1722
714	19050	1	34.9387
714	19048	2	29.2402
714	15274	3	28.7642
714	4774	4	28.7083
714	10958	5	27.5159
714	21268	6	26.9983
714	9348	7	25.8579
714	17063	8	25.3267
714	7689	9	24.608
714	2848	10	24.3491
715	25257	1	24.6209
715	10586	2	24.2784
715	15103	3	23.8722
715	22630	4	23.6837
715	4279	5	22.3751
715	902	6	22.1711
715	16159	7	22.171
715	22939	8	22.111
715	23	9	21.9746
715	5727	10	21.5859
716	18399	1	35.8632
716	222	2	34.8158
716	25054	3	33.2743
716	15510	4	33.0866
716	19100	5	32.2918
716	4639	6	30.6091
716	23272	7	30.5943
716	17011	8	30.3801
716	19099	9	29.8477
716	17941	10	27.7637
717	2782	1	29.3028
717	19122	2	28.0063
717	17345	3	27.3229
717	3472	4	27.1963
717	7253	5	26.813
717	19924	6	26.7295
717	18914	7	26.3747
717	21589	8	26.349
717	16860	9	25.6689
717	7768	10	25.3338
718	19147	1	27.8196
718	11151	2	27.6346
718	19148	3	27.2261
718	4188	4	26.2838
718	19149	5	24.745
718	3570	6	24.5402
718	19444	7	24.3832
718	20687	8	22.677
718	2735	9	22.4927
718	24121	10	22.243
719	24692	1	42.5687
719	16106	2	38.981
719	6915	3	37.0412
719	6250	4	36.9713
719	25021	5	36.3334
719	18715	6	35.3055
719	23156	7	34.1557
719	19444	8	33.908
719	14732	9	33.1736
719	3359	10	32.8807
720	10328	1	27.1878
720	7939	2	26.9002
720	9384	3	25.1014
720	24722	4	24.2307
720	16463	5	23.7979
720	1752	6	23.6924
720	11975	7	23.6381
720	12620	8	23.6182
720	6817	9	23.522
720	1790	10	23.3554
721	1516	1	30.5375
721	19214	2	29.6356
721	1682	3	23.6784
721	4889	4	23.5743
721	24957	5	23.4001
721	18272	6	23.1415
721	7634	7	23.1073
721	10313	8	22.5497
721	20101	9	22.2466
721	8950	10	22.0494
722	13440	1	30.014
722	6554	2	20.849
722	19235	3	20.6887
722	8413	4	19.9986
722	16699	5	18.9503
722	18550	6	18.8066
722	653	7	18.7581
722	19238	8	18.5546
722	16801	9	18.1361
722	15950	10	18.0503
723	15085	1	30.6642
723	23054	2	29.2682
723	21403	3	28.9136
723	4664	4	28.1962
723	20105	5	27.8927
723	218	6	27.2965
723	19258	7	27.211
723	18599	8	27.0788
723	7217	9	27.0664
723	2372	10	26.7713
724	5994	1	32.88
724	19283	2	31.5857
724	17448	3	30.795
724	18180	4	29.9979
724	11804	5	27.9329
724	16365	6	27.8442
724	2558	7	27.7692
724	15201	8	27.3924
724	18022	9	27.2091
724	19092	10	26.9584
725	2375	1	35.7036
725	7936	2	35.6587
725	6801	3	34.8694
725	15331	4	34.6384
725	19052	5	34.5123
725	22465	6	34.0789
725	7419	7	34.0739
725	2692	8	34.0401
725	25014	9	34.0176
725	7173	10	33.9963
726	11346	1	31.1332
726	10324	2	30.6856
726	1857	3	30.1905
726	4464	4	29.8792
726	20791	5	29.8217
726	6400	6	29.6526
726	13304	7	29.4916
726	9654	8	29.483
726	16218	9	29.481
726	1887	10	29.079
727	5397	1	30.6564
727	22451	2	29.1763
727	11245	3	28.3927
727	24711	4	27.0534
727	54	5	26.9509
727	3497	6	26.5716
727	13381	7	26.4999
727	24355	8	26.0776
727	6785	9	26.0596
727	7689	10	25.7485
728	19372	1	35.649
728	19373	2	32.6051
728	19371	3	27.2596
728	3189	4	22.2364
728	19370	5	21.8129
728	19374	6	21.613
728	19480	7	20.5438
728	12649	8	20.0295
728	21266	9	19.906
728	21597	10	19.523
729	20220	1	25.8915
729	3718	2	24.0495
729	10947	3	22.9541
729	5457	4	22.7765
729	9168	5	22.7129
729	14888	6	22.1
729	21215	7	21.8607
729	18459	8	21.3831
729	22904	9	21.2905
729	20073	10	21.2386
730	18459	1	31.6518
730	25079	2	29.9553
730	7532	3	29.1979
730	2100	4	28.9015
730	19552	5	28.5572
730	25143	6	28.4106
730	8449	7	28.1079
730	14529	8	28.0828
730	11686	9	28.0391
730	215	10	27.6246
731	2605	1	31.0543
731	6529	2	31.0454
731	19447	3	30.9856
731	19707	4	30.7458
731	17660	5	30.4108
731	2903	6	29.9603
731	11153	7	29.6504
731	14648	8	29.6168
731	8264	9	29.5041
731	18093	10	29.4032
732	12566	1	28.5895
732	19467	2	25.5534
732	1786	3	24.8047
732	19573	4	24.5829
732	24512	5	23.9358
732	16647	6	23.6261
732	5634	7	23.6161
732	3169	8	23.5832
732	1635	9	23.5421
732	12093	10	23.4816
733	19544	1	22.508
733	18497	2	22.0741
733	4929	3	22.0711
733	7044	4	22.0268
733	4499	5	21.9916
733	17074	6	21.8566
733	8231	7	21.6736
733	22312	8	21.5421
733	3167	9	21.3772
733	10082	10	21.2514
734	5773	1	36.4732
734	15059	2	30.3098
734	17614	3	29.4466
734	6208	4	29.3784
734	23762	5	29.2764
734	7066	6	29.1832
734	11544	7	28.6892
734	24170	8	28.6581
734	16127	9	28.4324
734	9399	10	28.2995
735	19539	1	27.8558
735	19542	2	26.8577
735	4161	3	26.7125
735	13798	4	25.7883
735	13382	5	25.7361
735	10052	6	25.6301
735	12117	7	25.113
735	18823	8	25.0325
735	1627	9	24.5869
735	6446	10	24.5757
736	8791	1	29.4203
736	12922	2	27.6575
736	13763	3	26.3859
736	3209	4	25.7898
736	22093	5	25.4253
736	2435	6	25.3901
736	16514	7	25.0301
736	11028	8	24.5467
736	10942	9	24.4883
736	10779	10	24.4731
737	24651	1	21.4653
737	19952	2	20.4943
737	2532	3	20.361
737	19008	4	19.9711
737	23612	5	19.9128
737	17774	6	19.8324
737	15592	7	19.7047
737	15797	8	19.5841
737	17775	9	19.5622
737	3690	10	19.2171
738	17954	1	31.1391
738	15405	2	28.7214
738	13490	3	28.5583
738	11278	4	27.9565
738	2793	5	27.1733
738	11128	6	27.0009
738	25472	7	26.4524
738	12774	8	26.1553
738	15062	9	26.1133
738	5328	10	25.659
739	14680	1	28.2418
739	12625	2	27.0427
739	9043	3	26.1175
739	11222	4	25.9467
739	21058	5	25.8617
739	19641	6	25.2939
739	19642	7	25.1658
739	12179	8	24.8218
739	21694	9	24.3636
739	9889	10	24.116
740	6005	1	39.2701
740	22090	2	36.7876
740	21338	3	35.1582
740	7216	4	33.0884
740	7	5	32.6404
740	8114	6	32.5023
740	53	7	32.4945
740	8257	8	32.4688
740	21661	9	32.4493
740	17085	10	32.3478
741	19692	1	32.2693
741	16725	2	31.4656
741	16724	3	27.8209
741	20331	4	27.6845
741	19902	5	26.5491
741	16523	6	26.3436
741	3137	7	26.1686
741	5869	8	25.2133
741	16521	9	25.2116
741	17786	10	25.1783
742	21228	1	29.3482
742	15595	2	29.0226
742	13591	3	27.8236
742	13412	4	27.389
742	1553	5	26.9827
742	20890	6	26.7039
742	2127	7	26.4119
742	1362	8	26.1082
742	8159	9	25.7178
742	10061	10	25.714
743	698	1	33.7766
743	3917	2	33.7226
743	7346	3	32.8971
743	10768	4	32.7106
743	13689	5	32.2228
743	12497	6	31.8511
743	19241	7	31.8239
743	16550	8	31.5173
743	14198	9	31.1834
743	13999	10	31.1453
744	5347	1	29.0981
744	19596	2	27.4283
744	10455	3	27.3991
744	11400	4	27.0617
744	10872	5	26.7606
744	11176	6	26.5276
744	18404	7	26.2675
744	2185	8	26.0673
744	16943	9	26.025
744	10452	10	25.865
745	19313	1	38.4031
745	581	2	37.6895
745	5991	3	36.4471
745	22064	4	36.0857
745	6197	5	35.6727
745	3551	6	35.5475
745	5621	7	35.3525
745	7826	8	35.1174
745	21745	9	35.0182
745	15265	10	34.8106
746	23671	1	20.0903
746	6349	2	19.8786
746	4597	3	19.8333
746	3610	4	19.5979
746	2314	5	19.5974
746	4407	6	19.2903
746	11907	7	19.1964
746	24302	8	19.1166
746	1165	9	19.1032
746	23445	10	18.9534
747	14073	1	30.7416
747	2632	2	23.1861
747	13468	3	22.8079
747	1962	4	22.6619
747	7882	5	22.483
747	19824	6	22.4509
747	11708	7	21.5601
747	3022	8	21.4653
747	23767	9	21.4121
747	19823	10	21.3364
748	19849	1	25.3705
748	3271	2	25.305
748	19239	3	25.2816
748	19847	4	25.1854
748	17393	5	25.1248
748	3432	6	25.08
748	4941	7	24.688
748	12155	8	24.5589
748	15950	9	24.4772
748	19238	10	24.3223
749	648	1	27.8547
749	19115	2	26.7711
749	6166	3	26.4242
749	5076	4	25.2802
749	690	5	25.1251
749	3933	6	24.8479
749	9843	7	24.7128
749	4677	8	24.5892
749	24288	9	24.2315
749	20165	10	24.0358
750	19889	1	29.2001
750	18137	2	27.4527
750	20185	3	26.0191
750	19890	4	25.5486
750	12273	5	24.549
750	4497	6	24.4879
750	23448	7	24.465
750	11314	8	24.424
750	9009	9	24.3487
750	9735	10	24.3115
751	902	1	24.7052
751	16331	2	24.4191
751	22435	3	24.0494
751	5420	4	23.2259
751	6546	5	23.1876
751	15687	6	22.2355
751	12305	7	22.2318
751	18294	8	21.4225
751	1757	9	21.3545
751	12454	10	21.2224
752	3738	1	30.726
752	25115	2	30.507
752	5420	3	29.9595
752	5440	4	29.6425
752	12226	5	29.6389
752	703	6	29.4401
752	7272	7	29.2231
752	16313	8	28.807
752	32	9	28.7931
752	11089	10	28.4205
753	6395	1	36.0016
753	11455	2	35.667
753	11001	3	34.6915
753	6127	4	34.2115
753	21285	5	33.3675
753	21615	6	33.0528
753	7853	7	32.8149
753	8329	8	32.708
753	3545	9	32.4899
753	1530	10	32.4235
754	16217	1	31.1074
754	5764	2	30.8028
754	16220	3	30.2951
754	10853	4	30.0227
754	16219	5	28.4189
754	16218	6	28.1943
754	19986	7	27.7545
754	9040	8	27.5969
754	7382	9	27.138
754	3202	10	26.8204
755	20010	1	28.8738
755	18097	2	27.4931
755	1059	3	26.1578
755	5917	4	25.4653
755	3617	5	25.3584
755	16502	6	25.0573
755	19843	7	24.8973
755	11972	8	24.8653
755	18399	9	24.8484
755	9540	10	24.8126
756	10675	1	27.5648
756	17800	2	27.3798
756	15734	3	26.9543
756	6280	4	26.4186
756	9879	5	26.2613
756	9765	6	26.2606
756	25093	7	26.1886
756	25639	8	26.1633
756	6229	9	26.0888
756	3549	10	25.7848
757	19954	1	37.7104
757	9571	2	35.009
757	7652	3	33.7934
757	22575	4	31.5975
757	18484	5	30.861
757	17025	6	30.8459
757	5155	7	30.7178
757	2619	8	30.6903
757	13781	9	30.6482
757	13394	10	30.492
758	17237	1	30.5868
758	23517	2	29.946
758	20246	3	29.64
758	10283	4	28.971
758	9137	5	28.504
758	17302	6	28.4347
758	16572	7	28.1967
758	6842	8	28.07
758	9878	9	27.8152
758	37	10	27.7681
759	20105	1	30.0559
759	20106	2	28.4072
759	7987	3	25.7379
759	5340	4	24.6474
759	17165	5	24.1616
759	4203	6	24.0519
759	3943	7	23.9798
759	12297	8	23.4961
759	14188	9	23.3732
759	12257	10	23.198
760	20128	1	32.5349
760	13952	2	23.8461
760	16350	3	23.824
760	10385	4	23.6016
760	22987	5	23.2513
760	13340	6	22.4773
760	10469	7	22.306
760	3469	8	22.1914
760	14907	9	22.1204
760	3584	10	22.1096
761	20153	1	32.2913
761	20152	2	30.9529
761	20154	3	29.3572
761	21829	4	29.3174
761	20773	5	25.3241
761	17149	6	25.2203
761	6725	7	24.4
761	8404	8	24.2396
761	25340	9	23.6434
761	11394	10	23.5756
762	20176	1	32.8181
762	20177	2	30.2265
762	2574	3	28.0881
762	20178	4	26.8281
762	24538	5	25.0572
762	18896	6	24.9517
762	21477	7	23.517
762	5577	8	23.3437
762	3394	9	23.0149
762	21572	10	22.6891
763	3301	1	29.0128
763	9617	2	28.7807
763	22913	3	28.3716
763	9333	4	28.2246
763	4328	5	28.1603
763	10357	6	27.8484
763	18750	7	27.8344
763	13016	8	27.6403
763	25564	9	27.6353
763	23689	10	27.6151
764	20226	1	33.6852
764	3640	2	33.0551
764	2325	3	29.9273
764	3641	4	28.3647
764	16096	5	27.6341
764	20227	6	26.2856
764	17670	7	26.1054
764	21062	8	25.6197
764	17283	9	25.608
764	17561	10	25.5146
765	10278	1	25.5993
765	12671	2	24.869
765	23485	3	24.5719
765	8666	4	24.3269
765	8395	5	23.4589
765	4595	6	23.4304
765	10970	7	23.3756
765	16331	8	23.0489
765	12108	9	22.8171
765	16682	10	22.8142
766	21114	1	31.8632
766	11147	2	31.6322
766	1991	3	31.334
766	6000	4	30.7534
766	5914	5	30.4381
766	18906	6	30.0625
766	12359	7	29.9246
766	348	8	29.9203
766	19917	9	29.8241
766	19195	10	29.6609
767	24848	1	26.8466
767	19130	2	26.5972
767	11192	3	25.3891
767	762	4	25.0001
767	21406	5	24.766
767	19376	6	24.6209
767	19708	7	24.569
767	18955	8	24.3762
767	11182	9	24.171
767	1385	10	24.1677
768	24355	1	30.4924
768	11091	2	28.9979
768	23997	3	27.9854
768	14983	4	27.9288
768	12534	5	27.1998
768	7035	6	27.1722
768	22191	7	27.0528
768	24022	8	27.0158
768	14192	9	26.9545
768	8222	10	26.7798
769	17134	1	30.0267
769	3589	2	29.9172
769	21445	3	29.5223
769	14687	4	27.2337
769	23106	5	26.7966
769	4191	6	26.7453
769	14467	7	26.4541
769	6049	8	26.1532
769	379	9	25.8234
769	3657	10	25.6221
770	6777	1	30.4779
770	5854	2	27.3438
770	13348	3	26.8566
770	24588	4	26.0152
770	22283	5	25.8894
770	1774	6	25.5086
770	16250	7	25.4718
770	5923	8	25.4507
770	17830	9	25.2684
770	25230	10	24.8022
771	12352	1	36.5707
771	15035	2	33.8949
771	20498	3	33.4695
771	1244	4	32.7799
771	3718	5	30.8229
771	20246	6	29.4887
771	20388	7	28.4696
771	18737	8	28.2133
771	12944	9	28.0574
771	7874	10	28.0093
772	20408	1	25.6233
772	6230	2	23.7699
772	3480	3	22.3491
772	15005	4	22.1423
772	6456	5	22.0687
772	20407	6	21.9913
772	2212	7	21.4307
772	10385	8	21.329
772	21833	9	21.2698
772	2704	10	21.2663
773	14730	1	30.2395
773	2826	2	28.1907
773	1060	3	24.6007
773	3490	4	23.7235
773	22937	5	23.7112
773	21298	6	23.2265
773	13442	7	22.8997
773	7415	8	22.7777
773	10848	9	22.4371
773	23225	10	22.3059
774	22337	1	38.1651
774	2593	2	35.411
774	15996	3	35.3276
774	14308	4	35.1823
774	1097	5	35.139
774	20720	6	34.3416
774	18424	7	34.2513
774	6334	8	34.0522
774	23021	9	33.6062
774	23848	10	33.4761
775	962	1	30.7066
775	3710	2	30.2774
775	16818	3	29.9786
775	18856	4	29.8547
775	3167	5	29.1467
775	21602	6	28.9852
775	19498	7	28.9775
775	18030	8	28.7143
775	16744	9	28.7092
775	6064	10	28.6851
776	11259	1	35.4633
776	8236	2	30.1472
776	10461	3	29.2384
776	973	4	28.1171
776	22119	5	27.8645
776	3600	6	27.6793
776	12272	7	27.4381
776	6785	8	27.2817
776	20503	9	26.7943
776	357	10	26.6814
777	1766	1	36.1282
777	11586	2	35.9095
777	4412	3	35.7957
777	24075	4	34.4317
777	18820	5	34.1463
777	12789	6	33.9633
777	2894	7	33.4456
777	5284	8	31.7716
777	15461	9	31.7283
777	2120	10	31.6997
778	23445	1	28.0505
778	6470	2	24.1376
778	3486	3	23.8791
778	16940	4	23.6481
778	675	5	23.3814
778	2792	6	23.3155
778	10337	7	22.4529
778	1925	8	22.2298
778	11672	9	21.7912
778	16604	10	21.579
779	11589	1	30.0781
779	8861	2	29.4834
779	15458	3	29.152
779	1415	4	29.0712
779	2091	5	28.7164
779	19412	6	28.6453
779	19158	7	28.1664
779	19696	8	27.7629
779	24524	9	27.3318
779	21643	10	27.2291
780	20601	1	34.4371
780	12492	2	31.5678
780	7393	3	31.3058
780	15365	4	29.0658
780	5716	5	28.9892
780	15363	6	28.9071
780	766	7	28.8874
780	18538	8	28.7935
780	23636	9	27.9459
780	9092	10	27.8335
781	25078	1	31.2815
781	439	2	30.8903
781	20627	3	30.4989
781	2460	4	30.2698
781	5584	5	30.2348
781	25079	6	30.0711
781	25587	7	30.0052
781	25586	8	29.8041
781	13499	9	29.5709
781	8224	10	29.4505
782	2414	1	26.9732
782	21584	2	24.9342
782	20592	3	24.8832
782	5816	4	24.8721
782	10759	5	24.599
782	20649	6	23.5724
782	25450	7	23.5684
782	20203	8	23.5204
782	24154	9	23.1686
782	11656	10	22.8635
783	20600	1	29.8142
783	24274	2	29.747
783	4	3	29.5185
783	4426	4	27.8312
783	19317	5	27.6969
783	14725	6	27.354
783	12655	7	27.0226
783	18998	8	26.7303
783	17895	9	26.6917
783	8776	10	26.4766
784	17274	1	23.9672
784	25127	2	23.3979
784	12221	3	22.767
784	22712	4	22.2786
784	10429	5	22.1359
784	12335	6	22.0973
784	17173	7	22.076
784	2991	8	21.8083
784	19636	9	21.7376
784	6219	10	21.7007
785	8821	1	36.1771
785	11170	2	36.1629
785	6906	3	34.8703
785	13813	4	34.4368
785	16084	5	33.9803
785	11013	6	33.9367
785	18016	7	33.7682
785	10658	8	33.6379
785	9069	9	33.4309
785	13471	10	33.1838
786	512	1	24.0049
786	316	2	22.6224
786	2445	3	22.1466
786	20749	4	22.1136
786	19230	5	22.0723
786	22926	6	22.0265
786	20511	7	21.9709
786	8458	8	21.925
786	3090	9	21.8613
786	8290	10	21.7584
787	25556	1	24.6944
787	17574	2	24.2457
787	7286	3	23.9088
787	19324	4	23.6584
787	3276	5	23.5616
787	24426	6	23.4576
787	4795	7	23.3207
787	2494	8	23.3027
787	25449	9	23.1237
787	20291	10	22.8223
788	20799	1	23.9067
788	20800	2	22.6398
788	14628	3	19.773
788	18150	4	19.5615
788	19895	5	19.0493
788	14476	6	18.9465
788	18501	7	18.9199
788	15495	8	18.7278
788	13973	9	18.5987
788	20630	10	18.1233
789	19159	1	30.8474
789	2015	2	29.3355
789	11487	3	28.8417
789	13662	4	28.8048
789	986	5	27.7152
789	12723	6	27.5472
789	1519	7	26.8511
789	21301	8	26.6272
789	16686	9	26.4316
789	14448	10	26.172
790	5368	1	31.4448
790	18983	2	30.5372
790	20851	3	28.6429
790	5505	4	28.5734
790	12586	5	28.3317
790	6822	6	25.8397
790	17754	7	25.813
790	3611	8	25.3
790	3473	9	24.9619
790	3716	10	24.9572
791	10315	1	29.253
791	20876	2	27.7668
791	4008	3	27.3339
791	23439	4	27.0749
791	18657	5	27.0391
791	23346	6	26.6545
791	18185	7	26.3946
791	18975	8	26.1403
791	14265	9	26.0568
791	21129	10	25.9483
792	17328	1	33.4686
792	23701	2	32.5953
792	389	3	32.4837
792	388	4	32.1394
792	11105	5	32.0539
792	20898	6	30.8792
792	13707	7	30.8665
792	12832	8	30.8445
792	4408	9	30.807
792	6501	10	30.5791
793	19376	1	34.4255
793	17849	2	33.1567
793	20154	3	32.6729
793	25570	4	31.5144
793	1385	5	31.1787
793	15515	6	31.0329
793	18508	7	30.9851
793	2187	8	30.6247
793	11973	9	30.6124
793	19708	10	30.1449
794	25136	1	35.1921
794	10025	2	34.2965
794	24470	3	32.6542
794	18004	4	32.5968
794	15907	5	32.584
794	20950	6	30.7829
794	23123	7	29.9358
794	3771	8	29.8745
794	23576	9	29.1911
794	24397	10	28.2768
795	18171	1	25.7418
795	19939	2	24.6631
795	25351	3	24.4322
795	2151	4	24.2734
795	2042	5	23.9597
795	11446	6	23.8574
795	21285	7	23.8542
795	12164	8	23.7843
795	6026	9	23.7615
795	8512	10	23.701
796	11257	1	31.3783
796	4391	2	30.3323
796	9033	3	27.3122
796	9031	4	27.2746
796	1809	5	26.0901
796	2160	6	25.2943
796	8235	7	24.8066
796	16525	8	24.7134
796	17138	9	24.7012
796	8525	10	24.5882
797	21017	1	35.3417
797	22574	2	34.7218
797	784	3	34.3022
797	10221	4	33.1753
797	747	5	32.386
797	21018	6	31.0639
797	2024	7	30.544
797	7331	8	30.1654
797	3904	9	29.6529
797	10919	10	29.4617
798	20618	1	26.4109
798	4016	2	25.9016
798	7612	3	25.3742
798	49	4	24.7446
798	9593	5	24.2888
798	21041	6	24.1845
798	5014	7	23.9445
798	17761	8	23.8833
798	22012	9	23.6482
798	21042	10	23.3395
799	15470	1	24.4084
799	24278	2	24.1465
799	12529	3	23.5207
799	13879	4	23.5152
799	6019	5	23.1616
799	1433	6	22.9141
799	25610	7	22.7641
799	427	8	22.6495
799	22875	9	22.6056
799	13156	10	22.4936
800	22902	1	32.1576
800	10991	2	31.4221
800	22670	3	30.4113
800	2579	4	30.1573
800	3188	5	29.8738
800	18729	6	29.7114
800	764	7	29.0456
800	18152	8	28.2688
800	10264	9	28.2173
800	9533	10	28.0969
801	1299	1	29.1781
801	773	2	28.4358
801	1353	3	27.2778
801	16637	4	26.976
801	3477	5	26.5313
801	20497	6	26.5079
801	15218	7	26.0728
801	14732	8	25.9841
801	19337	9	25.9662
801	21699	10	25.6258
802	17125	1	31.8027
802	21464	2	31.6924
802	22138	3	30.7968
802	24334	4	30.3439
802	18781	5	29.5162
802	7688	6	28.3601
802	12464	7	28.2027
802	12916	8	27.9173
802	1270	9	27.6534
802	987	10	27.5407
803	25213	1	30.6784
803	8896	2	29.9728
803	6538	3	29.6105
803	21162	4	29.4616
803	14640	5	28.9745
803	15425	6	28.8311
803	8567	7	28.542
803	16761	8	28.2155
803	11327	9	28.0266
803	24825	10	27.9808
804	552	1	33.1308
804	10512	2	30.415
804	9384	3	29.6631
804	8366	4	28.9125
804	10328	5	28.047
804	10231	6	27.9915
804	12634	7	27.6903
804	5553	8	27.0954
804	8583	9	26.7033
804	13383	10	26.6265
805	5024	1	32.0542
805	7048	2	29.616
805	16798	3	29.601
805	186	4	28.9202
805	24146	5	28.4689
805	18068	6	28.3838
805	4694	7	28.1464
805	22433	8	27.8982
805	24759	9	27.299
805	24186	10	27.2742
806	9934	1	31.7682
806	14303	2	29.9235
806	3104	3	29.8971
806	31	4	27.4632
806	18942	5	27.3701
806	8195	6	27.1049
806	13416	7	27.0689
806	6861	8	27.0519
806	14579	9	27.0502
806	53	10	26.9654
807	19504	1	27.3138
807	1913	2	27.2424
807	6486	3	24.1495
807	9450	4	22.7611
807	18999	5	22.3194
807	22294	6	22.2988
807	8031	7	22.2408
807	23955	8	21.8225
807	8224	9	21.404
807	15127	10	21.3168
808	22435	1	38.379
808	21284	2	38.1387
808	20493	3	34.0114
808	21952	4	33.8255
808	1171	5	33.1559
808	8441	6	32.6134
808	10689	7	32.2848
808	21280	8	31.5584
808	21198	9	31.4139
808	5961	10	31.11
809	21308	1	32.2844
809	24025	2	28.2187
809	8699	3	27.823
809	15775	4	21.2836
809	21311	5	20.762
809	16934	6	20.6322
809	15307	7	20.5259
809	9828	8	19.9441
809	12111	9	19.9139
809	21309	10	19.9084
810	25470	1	30.5504
810	24409	2	30.1531
810	12872	3	29.118
810	20229	4	29.0863
810	22684	5	28.5094
810	5854	6	28.2748
810	8537	7	28.0804
810	3515	8	28.0329
810	12881	9	27.6096
810	23094	10	27.2924
811	21357	1	32.4465
811	12672	2	29.496
811	21323	3	29.2745
811	17350	4	28.9957
811	1508	5	28.6866
811	20540	6	28.2907
811	23254	7	28.2025
811	19274	8	28.0509
811	20735	9	27.8103
811	5200	10	27.7794
812	20960	1	28.4335
812	10143	2	25.9379
812	6499	3	25.3787
812	1340	4	22.2002
812	3097	5	22.1494
812	21214	6	21.6063
812	22340	7	21.5673
812	16820	8	21.4863
812	21968	9	21.2993
812	12616	10	20.9926
813	24098	1	25.0094
813	10553	2	23.196
813	4992	3	22.6732
813	21400	4	22.5821
813	23385	5	21.5563
813	19948	6	20.6909
813	22690	7	18.8609
813	3931	8	18.7465
813	23902	9	18.4775
813	14744	10	17.8781
814	23314	1	27.3278
814	24463	2	27.1104
814	176	3	26.795
814	8580	4	25.7285
814	15871	5	25.6897
814	10170	6	25.5163
814	8192	7	25.4112
814	15193	8	25.2216
814	21421	9	24.9987
814	13172	10	24.8858
815	24795	1	23.5566
815	15668	2	20.3417
815	11777	3	19.8701
815	5007	4	19.5834
815	16720	5	19.3074
815	918	6	19.3012
815	12083	7	19.2609
815	13686	8	19.1963
815	19327	9	19.0396
815	24362	10	19.0145
816	132	1	19.1168
816	8228	2	18.9201
816	15664	3	18.9175
816	10033	4	18.8331
816	18847	5	18.4773
816	2410	6	17.9118
816	16842	7	17.849
816	19016	8	17.7978
816	9002	9	17.738
816	11452	10	17.723
817	18404	1	31.8723
817	8698	2	27.7317
817	2185	3	26.8356
817	7271	4	25.492
817	4660	5	25.4379
817	18769	6	24.9628
817	10080	7	24.951
817	22791	8	24.8515
817	17663	9	24.4244
817	759	10	24.1295
818	17949	1	32.9044
818	21763	2	30.4471
818	6371	3	30.089
818	16508	4	29.9001
818	11659	5	29.8531
818	19097	6	29.6207
818	6069	7	29.4852
818	21512	8	29.1414
818	24818	9	28.4012
818	21460	10	28.2394
819	4827	1	28.5226
819	21535	2	28.4396
819	15381	3	27.4595
819	2974	4	27.2364
819	14726	5	27.0154
819	12513	6	26.9837
819	24674	7	26.8853
819	21313	8	26.7023
819	3893	9	26.6881
819	24672	10	26.6327
820	21561	1	31.1434
820	11827	2	31.0068
820	6065	3	30.8377
820	7846	4	30.5795
820	24175	5	29.9721
820	2455	6	29.0846
820	14521	7	28.7783
820	3791	8	28.6998
820	19870	9	28.6664
820	10244	10	28.6147
821	11336	1	28.6647
821	8138	2	27.231
821	18856	3	26.9861
821	10862	4	26.9576
821	21459	5	26.8357
821	778	6	26.5728
821	6568	7	26.5346
821	12661	8	26.5125
821	20776	9	26.3394
821	9046	10	26.2958
822	9826	1	32.8465
822	22786	2	32.7468
822	19195	3	32.4067
822	4789	4	32.0841
822	20192	5	31.8337
822	17347	6	31.4748
822	18703	7	31.341
822	14965	8	30.3813
822	7712	9	30.3632
822	2765	10	30.145
823	22313	1	28.9043
823	21631	2	28.3537
823	22316	3	27.2263
823	22314	4	26.9106
823	16598	5	26.8107
823	8309	6	26.763
823	21632	7	26.554
823	5244	8	26.4808
823	16906	9	26.3087
823	20705	10	26.1532
824	23768	1	31.5187
824	21431	2	31.0939
824	21654	3	29.2101
824	3802	4	28.3221
824	14475	5	27.9893
824	7591	6	27.9511
824	7048	7	27.6728
824	9730	8	27.3853
824	7590	9	27.1663
824	414	10	26.7857
825	23488	1	39.7847
825	7559	2	39.5321
825	22708	3	38.9214
825	8689	4	38.0273
825	19308	5	37.9366
825	13650	6	37.8928
825	21605	7	37.8258
825	3156	8	37.2502
825	8235	9	37.027
825	23623	10	36.9678
826	12946	1	26.6328
826	21934	2	26.6176
826	2474	3	24.7806
826	21931	4	24.6092
826	24907	5	23.6381
826	25582	6	23.4592
826	19161	7	23.2038
826	10771	8	22.9165
826	20003	9	22.7624
826	20586	10	22.7063
827	5149	1	27.3707
827	22825	2	26.9895
827	473	3	26.7614
827	21494	4	26.676
827	9363	5	25.5823
827	20084	6	25.4759
827	985	7	25.3417
827	6538	8	25.3261
827	22000	9	25.1057
827	16673	10	24.9996
828	6334	1	32.3944
828	17132	2	31.0017
828	18306	3	30.1058
828	23737	4	29.0393
828	13895	5	28.8148
828	12295	6	28.7526
828	10625	7	28.5713
828	10578	8	28.1581
828	5186	9	28.0239
828	8831	10	27.9368
829	23510	1	30.7296
829	21766	2	30.5719
829	13859	3	29.1172
829	974	4	28.1054
829	16570	5	28.0696
829	3288	6	27.9217
829	11371	7	27.7067
829	2454	8	27.4806
829	10859	9	26.9793
829	607	10	26.8993
830	24121	1	30.4492
830	19760	2	29.3746
830	8930	3	28.8205
830	3232	4	27.8234
830	374	5	27.7679
830	15775	6	27.5597
830	6920	7	27.3431
830	5747	8	27.3053
830	21456	9	27.2918
830	24254	10	27.0127
831	21382	1	31.3896
831	9134	2	27.2018
831	7818	3	27.0427
831	4552	4	26.1194
831	3345	5	25.456
831	8208	6	25.1896
831	8615	7	25.1289
831	7583	8	24.9714
831	6760	9	24.8955
831	16131	10	24.8779
832	22340	1	24.78
832	10235	2	23.934
832	11089	3	23.858
832	24072	4	23.6316
832	21838	5	23.6173
832	4370	6	23.5162
832	17556	7	23.0248
832	495	8	22.457
832	17159	9	21.2899
832	5229	10	21.0714
833	17122	1	38.5144
833	9198	2	37.1277
833	9393	3	36.2454
833	8225	4	34.0185
833	7134	5	32.7693
833	8930	6	31.8629
833	95	7	31.7302
833	20958	8	31.5697
833	20731	9	31.4611
833	374	10	31.1348
834	21886	1	34.1189
834	13489	2	31.5639
834	20586	3	31.4308
834	14383	4	31.2295
834	14510	5	31.2103
834	24691	6	31.1442
834	650	7	30.5545
834	7337	8	30.1528
834	3839	9	30.0603
834	3376	10	29.6822
835	24935	1	24.9829
835	5728	2	24.8046
835	13045	3	24.7045
835	2638	4	24.4253
835	14795	5	24.3918
835	10495	6	23.9671
835	15791	7	23.955
835	3093	8	23.9043
835	13908	9	23.7266
835	5443	10	23.7175
836	20086	1	29.1937
836	21732	2	28.8602
836	21934	3	28.5486
836	15874	4	28.096
836	2441	5	27.3483
836	12844	6	27.1559
836	6981	7	26.9844
836	21932	8	26.8308
836	12946	9	26.7117
836	21587	10	26.6493
837	19030	1	24.4499
837	16881	2	22.6314
837	15035	3	22.2606
837	24429	4	22.2169
837	18014	5	22.0251
837	3156	6	21.5765
837	17490	7	21.4481
837	24589	8	21.4439
837	13602	9	21.3158
837	207	10	21.2977
838	14316	1	34.3416
838	15266	2	33.6475
838	3333	3	32.3589
838	6731	4	32.0843
838	1650	5	31.333
838	16567	6	30.661
838	5166	7	30.5754
838	25331	8	30.2209
838	570	9	29.9226
838	2187	10	29.6149
839	21996	1	29.0383
839	21995	2	26.679
839	16523	3	26.4286
839	15839	4	26.1688
839	4034	5	25.5835
839	14028	6	24.4844
839	14050	7	24.4672
839	8593	8	24.1907
839	6922	9	23.8053
839	5892	10	23.2607
840	5308	1	17.5647
840	7339	2	17.156
840	20529	3	16.7406
840	11961	4	15.9887
840	14374	5	15.8995
840	19351	6	15.8696
840	11525	7	15.6079
840	21783	8	15.5925
840	1191	9	15.5295
840	18522	10	15.459
841	12519	1	37.2065
841	3435	2	36.4839
841	14792	3	34.5727
841	16286	4	34.49
841	21105	5	33.0348
841	8738	6	33.0034
841	15331	7	32.9271
841	8027	8	32.7334
841	5227	9	31.5925
841	18776	10	31.4689
842	9505	1	34.4117
842	9343	2	30.5917
842	6605	3	29.7035
842	6047	4	28.8425
842	20066	5	28.4977
842	23988	6	28.4211
842	1620	7	28.2775
842	1416	8	28.2358
842	14084	9	28.1512
842	24408	10	27.5469
843	22091	1	36.1644
843	6903	2	34.2303
843	7216	3	33.8067
843	17085	4	32.4044
843	22090	5	30.9058
843	8114	6	30.2271
843	21807	7	27.9719
843	14774	8	27.9637
843	8257	9	27.8177
843	19922	10	26.7616
844	25274	1	21.7841
844	14768	2	21.1133
844	4840	3	20.9305
844	15210	4	20.0905
844	13670	5	19.9029
844	15315	6	19.6889
844	25144	7	19.4778
844	20567	8	19.4213
844	6761	9	19.3353
844	21288	10	18.9196
845	9672	1	30.1053
845	22135	2	29.2131
845	1428	3	29.1375
845	17895	4	28.6909
845	11668	5	27.9538
845	24506	6	27.7928
845	2006	7	27.4892
845	17800	8	26.8561
845	4953	9	26.5192
845	7301	10	26.3911
846	3260	1	26.8367
846	5691	2	25.9979
846	20965	3	25.5108
846	7742	4	25.3142
846	21106	5	24.5293
846	7076	6	24.4949
846	8041	7	24.352
846	733	8	24.2598
846	9321	9	24.1708
846	11303	10	23.5138
847	1318	1	23.92
847	8258	2	23.1748
847	5866	3	22.4677
847	4105	4	22.0995
847	23768	5	21.4986
847	13489	6	21.0042
847	11809	7	20.961
847	18484	8	20.9235
847	5175	9	19.7292
847	6861	10	18.8108
848	24129	1	27.3414
848	9891	2	26.7525
848	18347	3	26.0355
848	7603	4	23.7876
848	9546	5	22.4928
848	1726	6	22.151
848	22203	7	21.6858
848	11316	8	21.538
848	164	9	21.4538
848	18316	10	20.9129
849	13001	1	19.9049
849	1979	2	17.3348
849	8949	3	17.0542
849	19859	4	16.7178
849	3827	5	16.6756
849	12243	6	16.3695
849	9737	7	16.3164
849	3333	8	16.299
849	7957	9	16.2719
849	20077	10	16.1923
850	13191	1	32.3937
850	19444	2	32.002
850	23821	3	30.1652
850	9670	4	29.8136
850	19300	5	28.5728
850	5016	6	27.9416
850	25292	7	27.7996
850	2259	8	27.6614
850	4064	9	27.2473
850	2103	10	27.0883
851	8343	1	25.193
851	18521	2	24.1365
851	14856	3	24.0578
851	1765	4	23.6768
851	11773	5	23.6203
851	16180	6	23.6167
851	23289	7	23.3679
851	4936	8	23.2566
851	24774	9	23.2137
851	16586	10	23.2004
852	25534	1	29.9303
852	12869	2	27.9988
852	13462	3	27.7642
852	8525	4	27.3969
852	18079	5	26.8621
852	25398	6	26.7957
852	1866	7	26.3022
852	17099	8	26.2661
852	2160	9	26.2326
852	21219	10	26.1654
853	6023	1	24.8254
853	1551	2	23.9506
853	13216	3	23.7444
853	14118	4	23.6989
853	1879	5	23.282
853	18908	6	23.2254
853	21632	7	23.2156
853	4015	8	22.959
853	21045	9	22.8924
853	13362	10	22.8244
854	10695	1	30.3497
854	22337	2	29.6112
854	24014	3	29.3155
854	20720	4	28.1708
854	23848	5	27.2982
854	22340	6	27.0442
854	16447	7	26.7946
854	18489	8	26.7361
854	21792	9	26.7269
854	21593	10	26.5932
855	12608	1	31.8495
855	21654	2	30.0034
855	7589	3	29.3817
855	17692	4	28.8599
855	12141	5	28.8533
855	5073	6	28.6493
855	7590	7	28.6356
855	3171	8	28.1055
855	7591	9	28.0884
855	884	10	27.9016
856	24602	1	34.4385
856	21578	2	30.8118
856	6337	3	28.5269
856	22391	4	28.4035
856	25577	5	27.3791
856	11944	6	27.2205
856	24424	7	27.1669
856	2311	8	26.8186
856	5196	9	26.6691
856	18793	10	26.4652
857	21284	1	32.1997
857	20493	2	32.1146
857	24831	3	31.9188
857	19819	4	31.143
857	10278	5	30.6272
857	2473	6	30.6107
857	24071	7	30.5556
857	5961	8	30.3504
857	22435	9	30.2434
857	13925	10	30.1219
858	12454	1	30.4972
858	14633	2	28.8535
858	14400	3	27.2272
858	6662	4	27.0896
858	7206	5	27.0382
858	10296	6	26.8959
858	22897	7	26.8308
858	17052	8	26.1258
858	20205	9	25.9033
858	22435	10	25.7372
859	19184	1	23.6571
859	22454	2	23.5053
859	2034	3	22.9199
859	16690	4	22.7969
859	9424	5	22.7282
859	19303	6	22.6389
859	16628	7	22.3548
859	21417	8	22.3014
859	13185	9	22.1764
859	11679	10	22.0622
860	14120	1	34.6846
860	14122	2	34.414
860	9819	3	34.2785
860	14121	4	34.1705
860	1263	5	33.8517
860	14123	6	33.2236
860	8216	7	33.139
860	1853	8	32.6766
860	22481	9	32.5906
860	22482	10	32.4379
861	15074	1	26.7983
861	14069	2	25.434
861	3975	3	25.2793
861	20755	4	25.2297
861	18666	5	24.9477
861	24173	6	24.9045
861	10017	7	24.8271
861	15559	8	24.7108
861	15119	9	24.5037
861	8412	10	24.2361
862	7853	1	26.8904
862	10942	2	26.5462
862	5970	3	26.5258
862	11804	4	26.4473
862	19146	5	26.3254
862	12740	6	26.2277
862	752	7	25.5302
862	22973	8	25.3608
862	24726	9	25.078
862	5981	10	25.0583
863	11908	1	34.4703
863	15743	2	33.9275
863	1011	3	33.3143
863	20138	4	31.9394
863	20804	5	31.9285
863	15900	6	31.9137
863	23136	7	31.7924
863	24143	8	31.6582
863	19188	9	31.0368
863	11907	10	30.7989
864	15642	1	25.7163
864	12881	2	23.2867
864	3904	3	23.0735
864	12549	4	22.9963
864	1774	5	22.9073
864	1883	6	22.7597
864	21555	7	22.5189
864	5541	8	22.5046
864	16607	9	22.4437
864	13660	10	22.2179
865	8255	1	30.9561
865	14161	2	30.5313
865	21040	3	29.6054
865	17844	4	27.9709
865	11355	5	27.5573
865	9375	6	27.4419
865	11904	7	27.4246
865	14561	8	27.3364
865	11398	9	27.2806
865	24269	10	27.2422
866	16017	1	21.1408
866	6271	2	20.8216
866	24256	3	20.2546
866	15317	4	19.9899
866	15377	5	19.7611
866	13773	6	19.4241
866	8795	7	19.3517
866	16493	8	18.7677
866	637	9	18.7151
866	14597	10	18.4978
867	23687	1	32.7364
867	2408	2	32.6755
867	16958	3	32.2894
867	10567	4	31.7257
867	14626	5	31.4267
867	5019	6	31.2662
867	16365	7	31.0927
867	6977	8	31.0497
867	20398	9	30.9963
867	2799	10	30.9814
868	23312	1	29.5828
868	20776	2	29.2624
868	862	3	28.8174
868	21459	4	27.8072
868	12953	5	27.6797
868	6598	6	27.3281
868	7073	7	27.2149
868	3869	8	27.0533
868	22322	9	27.0485
868	23512	10	26.9233
869	7225	1	28.9644
869	21888	2	28.8273
869	13196	3	28.4798
869	11319	4	28.2838
869	5461	5	27.8182
869	14572	6	27.2941
869	14879	7	27.2561
869	1880	8	26.9621
869	15042	9	26.6227
869	8107	10	26.6135
870	23949	1	19.3737
870	7563	2	19.1378
870	22707	3	17.9321
870	13612	4	17.5669
870	7559	5	17.3248
870	14640	6	17.1631
870	234	7	16.6108
870	15629	8	16.2215
870	10976	9	16.0514
870	18378	10	15.9728
871	19542	1	33.4073
871	11805	2	28.7583
871	13566	3	28.2813
871	9048	4	28.1111
871	14304	5	28.0014
871	11386	6	27.9996
871	15798	7	27.191
871	21899	8	27.1089
871	16214	9	27.026
871	13101	10	26.8338
872	14513	1	27.7616
872	17679	2	26.1716
872	16009	3	25.9015
872	5351	4	25.6657
872	11847	5	25.6256
872	13692	6	25.4734
872	18092	7	25.3489
872	22575	8	24.9775
872	15008	9	24.9617
872	17962	10	24.8902
873	13770	1	29.2408
873	25626	2	28.5998
873	23952	3	26.7588
873	22360	4	25.5777
873	11454	5	25.4083
873	1893	6	24.8237
873	11461	7	24.6295
873	7296	8	24.5883
873	4692	9	24.5164
873	8930	10	24.3984
874	17414	1	28.0066
874	16667	2	23.9967
874	3549	3	23.975
874	6280	4	23.4807
874	4439	5	23.3013
874	17939	6	23.0865
874	10675	7	23.0378
874	13048	8	23.0324
874	11916	9	23.0058
874	15734	10	22.8929
875	2015	1	26.1928
875	20952	2	25.1261
875	25568	3	25.0954
875	22152	4	24.6382
875	12581	5	24.519
875	15900	6	24.2036
875	5515	7	23.8592
875	585	8	23.8317
875	8337	9	23.6416
875	8002	10	22.8247
876	14454	1	34.2574
876	21514	2	31.7744
876	6215	3	29.2217
876	3957	4	28.1436
876	17212	5	27.8671
876	16161	6	27.1311
876	16974	7	27.0967
876	21410	8	26.8226
876	19558	9	26.3756
876	5824	10	25.378
877	4426	1	28.7269
877	21115	2	27.7064
877	18485	3	26.4754
877	11003	4	25.3435
877	25081	5	24.6515
877	8334	6	24.3904
877	18955	7	24.3457
877	315	8	24.2296
877	794	9	24.1488
877	16100	10	23.7479
878	22887	1	22.3972
878	10548	2	22.1107
878	22724	3	21.8976
878	14551	4	21.8188
878	22829	5	21.5717
878	19200	6	21.4979
878	18605	7	21.4165
878	24156	8	21.3728
878	10227	9	21.3638
878	16174	10	21.0164
879	2250	1	31.4539
879	22103	2	28.2746
879	11641	3	28.2162
879	17574	4	27.7339
879	20200	5	27.5236
879	8340	6	27.2468
879	2880	7	27.2044
879	10142	8	26.7752
879	24194	9	26.7192
879	8791	10	26.6187
880	3543	1	33.1493
880	620	2	31.9836
880	2942	3	31.8341
880	9426	4	31.0626
880	3449	5	30.3553
880	21115	6	29.7185
880	15927	7	29.5544
880	2672	8	29.4679
880	6916	9	29.3449
880	11818	10	28.6432
881	8681	1	30.1896
881	8655	2	29.0734
881	15189	3	28.8254
881	21714	4	28.3343
881	3503	5	28.2662
881	12737	6	28.2599
881	20743	7	27.9946
881	20608	8	27.9767
881	23780	9	27.6655
881	5582	10	27.0652
882	22987	1	36.2423
882	14401	2	29.3873
882	4245	3	29.3637
882	15067	4	29.2365
882	21110	5	28.8254
882	13435	6	28.72
882	9329	7	28.6613
882	12754	8	28.6359
882	1922	9	28.5299
882	6210	10	28.4416
883	3827	1	25.822
883	9283	2	25.1102
883	10692	3	24.9404
883	23009	4	24.8184
883	11976	5	24.3823
883	6391	6	23.226
883	22509	7	23.1894
883	15571	8	23.0668
883	12905	9	23.0275
883	2290	10	22.6866
884	24744	1	26.6116
884	23037	2	25.2751
884	2741	3	24.6157
884	8641	4	24.0879
884	6458	5	23.4549
884	2704	6	23.2302
884	4724	7	22.6957
884	12551	8	22.6646
884	5883	9	22.6116
884	11572	10	22.2711
885	7075	1	26.7072
885	10274	2	21.7325
885	9285	3	21.3201
885	589	4	21.1698
885	7707	5	21.1212
885	24174	6	20.6542
885	18438	7	20.146
885	11697	8	20.0173
885	2801	9	20.0047
885	5897	10	19.906
886	22383	1	38.9728
886	23082	2	36.694
886	2874	3	36.4009
886	14135	4	35.434
886	23080	5	35.2154
886	10926	6	33.749
886	284	7	33.2041
886	678	8	32.5755
886	53	9	32.3042
886	13074	10	31.7689
887	7001	1	31.1738
887	13309	2	29.22
887	20312	3	27.8185
887	9481	4	26.839
887	7380	5	26.7105
887	379	6	26.0909
887	7933	7	25.9304
887	20343	8	25.4492
887	21445	9	24.8635
887	11948	10	24.538
888	9854	1	28.1351
888	7911	2	26.964
888	7492	3	26.4111
888	21151	4	24.6417
888	8896	5	24.5247
888	4008	6	24.1702
888	12765	7	24.1567
888	3307	8	24.1248
888	8599	9	23.812
888	1856	10	23.796
889	3220	1	26.0935
889	22074	2	25.1403
889	14413	3	23.8765
889	20826	4	22.9692
889	11754	5	22.706
889	20138	6	22.1036
889	15419	7	22.0052
889	985	8	21.7591
889	24397	9	21.6942
889	13583	10	21.6168
890	1917	1	23.7602
890	18788	2	20.6424
890	15757	3	19.7313
890	11614	4	19.3045
890	14318	5	18.4334
890	17201	6	18.2613
890	1042	7	18.2175
890	23532	8	18.0956
890	29	9	17.9869
890	19715	10	17.878
891	13819	1	31.6341
891	22077	2	30.3633
891	23296	3	29.1203
891	9636	4	28.7496
891	4764	5	28.6044
891	19155	6	28.4877
891	891	7	28.3028
891	9049	8	28.2623
891	3190	9	27.7094
891	19530	10	26.9559
892	14334	1	27.709
892	2993	2	26.1231
892	20781	3	25.5815
892	23094	4	25.4791
892	10123	5	24.097
892	24340	6	23.4805
892	17044	7	23.4205
892	1790	8	23.1822
892	18740	9	23.1777
892	6886	10	23.0126
893	23239	1	37.2996
893	23236	2	32.3856
893	13104	3	32.222
893	20252	4	32.0399
893	23238	5	31.4522
893	9804	6	29.971
893	23434	7	27.883
893	2379	8	27.4471
893	13217	9	27.286
893	14500	10	26.9993
894	6776	1	32.4582
894	19532	2	32.4421
894	14783	3	30.9732
894	22178	4	30.7799
894	18998	5	30.646
894	16574	6	30.6139
894	18221	7	30.5484
894	7457	8	30.5126
894	10954	9	30.0576
894	801	10	30.0084
895	25184	1	31.0676
895	11326	2	30.9729
895	17329	3	30.8255
895	11001	4	30.3871
895	1455	5	30.3213
895	25460	6	30.2234
895	7266	7	30.0555
895	1313	8	29.9256
895	17900	9	29.6822
895	15361	10	29.6821
896	17567	1	39.8028
896	17105	2	32.4647
896	24348	3	28.8883
896	2746	4	28.3048
896	10467	5	27.8392
896	16608	6	27.2846
896	15075	7	26.4242
896	8945	8	25.7237
896	3510	9	25.5441
896	17768	10	25.0839
897	20601	1	30.9
897	20892	2	29.4934
897	15869	3	29.24
897	23902	4	28.4905
897	25022	5	28.262
897	14332	6	28.0254
897	336	7	27.981
897	17777	8	27.4892
897	6038	9	27.3135
897	16856	10	26.9038
898	2316	1	24.5859
898	3160	2	24.2671
898	20364	3	23.4816
898	3829	4	23.0585
898	4291	5	22.8022
898	21017	6	22.7516
898	22124	7	22.6216
898	16787	8	22.5646
898	25656	9	22.5387
898	2024	10	22.5059
899	187	1	31.9593
899	8011	2	30.5332
899	19099	3	29.7105
899	20833	4	29.3538
899	8945	5	29.108
899	19098	6	29.105
899	15786	7	29.0267
899	16608	8	28.4714
899	9555	9	28.1112
899	17941	10	28.0969
900	13526	1	33.5534
900	18564	2	32.2441
900	23634	3	32.0007
900	6250	4	31.8988
900	23398	5	31.7167
900	5082	6	31.4021
900	1905	7	31.0505
900	907	8	29.9659
900	23672	9	29.9133
900	17125	10	29.8596
901	17669	1	24.3636
901	16628	2	24.1634
901	16427	3	24.1166
901	9301	4	23.9567
901	2204	5	23.6465
901	17569	6	23.1695
901	10348	7	22.9836
901	23617	8	22.9724
901	2689	9	22.7336
901	14201	10	22.5037
902	5511	1	26.4478
902	23440	2	25.8032
902	3313	3	25.2744
902	23443	4	25.1087
902	8605	5	24.738
902	16511	6	24.7286
902	17657	7	24.3345
902	10888	8	24.2955
902	20942	9	24.2695
902	3086	10	23.9487
903	3563	1	33.2852
903	14550	2	32.3316
903	3374	3	30.2259
903	23464	4	29.1852
903	6133	5	28.0903
903	3435	6	28.0768
903	23081	7	27.9138
903	14968	8	27.9102
903	4360	9	27.7808
903	9707	10	27.7298
904	8150	1	28.3382
904	14845	2	25.9913
904	11586	3	25.9226
904	245	4	23.8144
904	22521	5	23.3152
904	22470	6	23.1821
904	1477	7	23.0766
904	992	8	23.0462
904	22704	9	22.8078
904	2119	10	22.8032
905	22995	1	26.2345
905	10074	2	24.3751
905	1266	3	24.1431
905	15222	4	23.9375
905	12804	5	23.7444
905	7631	6	23.1214
905	11161	7	23.1121
905	18579	8	22.9468
905	10011	9	22.69
905	2023	10	22.3473
906	21674	1	23.5937
906	24755	2	23.5909
906	6117	3	23.3589
906	12857	4	23.2065
906	17495	5	23.1699
906	2645	6	23.0579
906	4263	7	23.0278
906	23239	8	22.9628
906	19592	9	22.5295
906	3096	10	21.8793
907	16747	1	31.7525
907	1478	2	31.5636
907	18009	3	31.5552
907	4107	4	30.7234
907	17150	5	30.7088
907	4128	6	30.637
907	17151	7	30.6189
907	538	8	30.4604
907	24163	9	30.4114
907	8463	10	30.1728
908	23577	1	37.5054
908	1011	2	31.9814
908	14312	3	30.047
908	7023	4	29.0621
908	3463	5	28.8235
908	6678	6	28.6446
908	21161	7	28.6208
908	13662	8	28.6179
908	9141	9	28.4373
908	1950	10	28.4297
909	8918	1	28.0761
909	317	2	27.86
909	15271	3	27.8066
909	6571	4	27.7884
909	5075	5	27.7369
909	6900	6	27.6277
909	8289	7	27.4783
909	13056	8	27.4668
909	15095	9	27.1748
909	3647	10	27.1523
910	11869	1	39.1425
910	20046	2	36.8178
910	2861	3	36.3581
910	14968	4	36.2769
910	4800	5	35.7838
910	20124	6	35.726
910	16884	7	35.7093
910	17491	8	35.6334
910	1622	9	35.6257
910	23363	10	35.3706
911	2611	1	30.0671
911	22511	2	29.2388
911	15150	3	28.5213
911	8988	4	28.3572
911	3334	5	27.1945
911	18335	6	26.9381
911	16305	7	26.6731
911	13540	8	26.5653
911	15433	9	26.0571
911	10248	10	25.9424
912	7594	1	29.5103
912	23889	2	29.3382
912	15108	3	28.7057
912	14916	4	28.5866
912	14918	5	28.4834
912	4708	6	27.2456
912	9074	7	26.9723
912	12620	8	26.8806
912	21169	9	26.6584
912	8023	10	26.6111
913	23691	1	33.6612
913	14136	2	30.9936
913	20457	3	29.9623
913	23429	4	29.6237
913	9303	5	29.3337
913	13572	6	29.0573
913	23309	7	28.9079
913	1273	8	28.5427
913	14457	9	28.4165
913	25481	10	28.3553
914	21245	1	39.4778
914	25486	2	37.3884
914	7350	3	37.2449
914	13872	4	36.6011
914	23696	5	35.4295
914	11615	6	34.7454
914	23439	7	33.9892
914	23422	8	33.0784
914	19195	9	32.8476
914	22786	10	32.3034
915	17379	1	27.4988
915	23739	2	27.2316
915	8989	3	26.5595
915	3358	4	26.2571
915	21046	5	25.4247
915	4140	6	25.3972
915	24303	7	25.2695
915	21138	8	25.1246
915	23743	9	25.0841
915	14340	10	24.9203
916	23764	1	30.6208
916	23763	2	25.6915
916	23766	3	25.3177
916	12286	4	24.1013
916	1932	5	23.9806
916	1212	6	23.6278
916	13022	7	23.2006
916	9398	8	23.1409
916	9344	9	22.1053
916	10417	10	22.0218
917	379	1	27.4638
917	19729	2	27.3168
917	6143	3	26.4911
917	7380	4	25.3015
917	17802	5	25.0202
917	8500	6	24.9997
917	1940	7	24.9339
917	18527	8	24.6767
917	23431	9	24.6702
917	1799	10	24.6518
918	22405	1	29.6777
918	6204	2	28.9788
918	22994	3	28.7234
918	12846	4	28.6341
918	25270	5	27.6217
918	10847	6	26.5638
918	13435	7	25.5171
918	5279	8	25.1938
918	24143	9	25.1322
918	10295	10	24.9543
919	12450	1	28.727
919	12747	2	25.801
919	6574	3	25.5587
919	4075	4	25.0328
919	24059	5	22.9094
919	21487	6	22.7625
919	6762	7	22.3574
919	15569	8	22.2625
919	2826	9	22.1096
919	25449	10	21.8039
920	329	1	26.9972
920	23856	2	25.4593
920	2617	3	23.2546
920	24545	4	22.8155
920	2324	5	22.4824
920	21148	6	22.1644
920	21566	7	21.2119
920	23855	8	21.0444
920	921	9	20.8864
920	22426	10	20.7023
921	24198	1	20.9844
921	10554	2	20.5204
921	3128	3	20.1355
921	10099	4	19.9119
921	24925	5	19.6366
921	5168	6	19.0411
921	18511	7	18.8453
921	19603	8	18.4761
921	21363	9	18.4346
921	1735	10	17.7194
922	23904	1	27.3815
922	11239	2	25.3429
922	20892	3	25.2075
922	10812	4	25.0129
922	13566	5	25.0097
922	23041	6	24.1033
922	412	7	23.8599
922	12307	8	23.156
922	9738	9	23.0848
922	23905	10	22.8732
923	7309	1	28.4231
923	23682	2	22.9314
923	7512	3	22.8157
923	12851	4	22.6634
923	23928	5	22.5835
923	22978	6	22.4931
923	11814	7	22.3996
923	19974	8	22.2967
923	6321	9	22.1803
923	22094	10	22.0798
924	6358	1	31.767
924	22188	2	30.7017
924	19929	3	30.1973
924	25243	4	29.1205
924	2398	5	28.3651
924	23952	6	28.2378
924	19993	7	27.9482
924	24302	8	27.8639
924	14101	9	27.6769
924	18020	10	27.6346
925	16060	1	24.4784
925	15885	2	24.3421
925	16304	3	24.0709
925	22103	4	23.6893
925	11516	5	23.4154
925	18049	6	23.4113
925	2083	7	23.3461
925	15164	8	22.3652
925	10765	9	22.0408
925	10917	10	20.8015
926	25569	1	31.9447
926	23627	2	30.8474
926	7989	3	30.3125
926	8569	4	29.8493
926	1346	5	29.6974
926	21769	6	28.7555
926	1817	7	28.3795
926	15592	8	28.1264
926	19662	9	28.0068
926	11746	10	27.848
927	8263	1	27.5588
927	5560	2	24.3339
927	18753	3	23.8133
927	20331	4	23.327
927	25507	5	21.9926
927	5764	6	21.7736
927	10501	7	21.7685
927	20434	8	21.1455
927	12981	9	20.9997
927	9017	10	20.9813
928	25499	1	33.2782
928	5376	2	32.2406
928	14170	3	32.106
928	3375	4	31.8946
928	18527	5	31.6248
928	20606	6	30.9731
928	14190	7	30.9098
928	5932	8	30.5055
928	24043	9	30.4313
928	2352	10	30.4003
929	21602	1	22.8641
929	15061	2	21.6435
929	20341	3	21.0288
929	10225	4	21.0103
929	10922	5	20.9031
929	1774	6	20.8846
929	842	7	20.4289
929	10779	8	20.4111
929	2453	9	20.3807
929	25608	10	20.3788
930	8013	1	28.742
930	10320	2	26.5591
930	3353	3	25.9383
930	22471	4	25.6029
930	22987	5	25.448
930	18573	6	25.0179
930	10544	7	24.7611
930	1643	8	24.6856
930	21110	9	24.6472
930	8511	10	24.634
931	11251	1	33.8384
931	18447	2	33.0053
931	18	3	31.1995
931	22212	4	30.5055
931	4503	5	30.3465
931	17925	6	29.885
931	13813	7	29.0346
931	9513	8	28.9894
931	18463	9	28.9108
931	14146	10	28.8385
932	18671	1	33.7923
932	24128	2	33.5323
932	19955	3	32.86
932	6727	4	31.5553
932	18500	5	30.2717
932	1937	6	29.8154
932	9546	7	29.0643
932	22170	8	28.8245
932	4240	9	28.5511
932	3685	10	28.3605
933	17851	1	37.8794
933	14888	2	36.12
933	10947	3	35.7797
933	18459	4	35.0601
933	9165	5	33.5796
933	21215	6	32.6885
933	20922	7	32.5877
933	16105	8	32.5717
933	18508	9	32.2865
933	966	10	32.17
934	23425	1	25.8889
934	5085	2	25.6394
934	16447	3	25.2669
934	1838	4	25.2523
934	24173	5	25.2462
934	20692	6	24.4119
934	14067	7	24.2171
934	6547	8	24.1107
934	8412	9	23.8522
934	5942	10	23.6469
935	20398	1	35.0402
935	13580	2	32.9272
935	17461	3	32.579
935	4942	4	32.5524
935	8463	5	32.4244
935	24297	6	32.4238
935	24197	7	32.1207
935	10567	8	31.9783
935	1087	9	31.853
935	18383	10	31.6321
936	15458	1	41.5562
936	2091	2	35.6161
936	14306	3	30.7913
936	10452	4	30.6711
936	12853	5	30.4208
936	9703	6	30.058
936	11268	7	29.9623
936	24524	8	29.8937
936	7827	9	29.5901
936	13592	10	29.542
937	24238	1	30.9103
937	23454	2	29.2388
937	1457	3	28.8927
937	9879	4	28.7155
937	21985	5	28.4888
937	11820	6	28.227
937	6280	7	28.186
937	1562	8	27.4157
937	21727	9	27.154
937	22745	10	27.152
938	11159	1	29.114
938	24259	2	28.79
938	3437	3	28.5689
938	8712	4	28.5202
938	18493	5	28.4061
938	20486	6	28.0848
938	13979	7	27.553
938	12294	8	27.5414
938	7332	9	27.0865
938	970	10	26.855
939	1266	1	34.0106
939	6915	2	33.4877
939	24196	3	32.8003
939	23849	4	31.9173
939	10914	5	31.8077
939	18885	6	31.7838
939	11283	7	31.7792
939	15300	8	31.7546
939	18042	9	31.5906
939	21249	10	31.3066
940	24307	1	22.0423
940	14355	2	21.4381
940	25164	3	20.2817
940	1401	4	20.0035
940	10269	5	19.8106
940	7895	6	19.2901
940	17014	7	19.1427
940	23201	8	18.8502
940	1684	9	18.7219
940	4391	10	18.6241
941	9951	1	26.6399
941	4969	2	26.0554
941	12816	3	25.7793
941	24330	4	25.5887
941	10417	5	25.2869
941	8283	6	25.2578
941	21803	7	25.2099
941	384	8	25.1562
941	19375	9	25.1349
941	12116	10	24.8071
942	10704	1	27.6701
942	24356	2	25.5609
942	1677	3	25.5204
942	8682	4	25.0959
942	15965	5	24.5806
942	13003	6	23.5468
942	23176	7	23.5382
942	4405	8	23.2768
942	4446	9	22.994
942	1289	10	22.6705
943	22190	1	30.9912
943	24379	2	30.8637
943	17110	3	29.5793
943	2879	4	28.99
943	12547	5	28.8384
943	13371	6	28.5501
943	11913	7	27.3766
943	1670	8	27.2668
943	17788	9	26.8364
943	14259	10	26.7462
944	20371	1	33.124
944	21622	2	31.2861
944	16398	3	30.3566
944	17583	4	29.8324
944	20108	5	29.3251
944	23908	6	28.9323
944	1474	7	28.8657
944	2340	8	28.3668
944	18311	9	28.3208
944	17334	10	28.3023
945	3874	1	28.589
945	19274	2	27.33
945	3377	3	27.2229
945	3199	4	26.3433
945	16333	5	26.3067
945	16805	6	26.2738
945	1856	7	26.0555
945	16142	8	26.0532
945	9040	9	26.015
945	8686	10	25.9326
946	24449	1	34.3647
946	11261	2	28.1116
946	20592	3	27.8973
946	13702	4	27.1078
946	19116	5	26.0816
946	9499	6	25.8178
946	5332	7	25.5435
946	5718	8	25.0944
946	4125	9	24.865
946	6422	10	24.7829
947	9339	1	26.1274
947	21034	2	25.8088
947	16133	3	24.9097
947	14663	4	24.7968
947	22559	5	24.7316
947	24731	6	24.7261
947	10415	7	24.585
947	23092	8	24.3757
947	8857	9	23.8836
947	24128	10	23.8164
948	14108	1	34.6993
948	6938	2	32.805
948	6833	3	31.9577
948	6564	4	31.66
948	10142	5	29.0014
948	15325	6	28.4248
948	23853	7	27.5785
948	12735	8	27.5522
948	21115	9	27.5284
948	18691	10	27.251
949	10569	1	37.8266
949	9645	2	32.3086
949	12652	3	31.2092
949	2426	4	29.3196
949	12639	5	27.2062
949	20399	6	26.4511
949	14356	7	26.0559
949	17121	8	25.8444
949	4217	9	25.5203
949	15062	10	24.7505
950	24536	1	30.7259
950	24538	2	29.8465
950	24233	3	29.4456
950	10194	4	27.8201
950	24537	5	27.6545
950	15311	6	26.1941
950	21052	7	25.8373
950	22330	8	25.6454
950	22457	9	25.3639
950	18356	10	24.5717
951	15054	1	36.6029
951	9909	2	34.5443
951	24561	3	33.1653
951	24559	4	32.8946
951	1735	5	31.086
951	17083	6	30.165
951	22667	7	30.0239
951	24487	8	29.0774
951	10628	9	28.7046
951	4942	10	28.1856
952	24582	1	29.2426
952	21568	2	26.0298
952	22360	3	25.7722
952	8790	4	25.3402
952	9920	5	24.7475
952	16220	6	24.7253
952	12931	7	24.6822
952	6407	8	24.6421
952	12609	9	23.9914
952	7594	10	23.9637
953	11871	1	24.3771
953	24605	2	23.7487
953	20415	3	22.7363
953	14378	4	22.6256
953	7492	5	22.3437
953	9888	6	22.2773
953	10689	7	22.0547
953	2977	8	21.7927
953	8044	9	21.6643
953	14552	10	21.5649
954	16953	1	26.9754
954	3628	2	26.7652
954	18659	3	25.5474
954	18658	4	24.2654
954	4995	5	20.7874
954	15305	6	20.4715
954	22900	7	20.0611
954	15468	8	20.0411
954	4495	9	20.0321
954	19768	10	19.9097
955	3752	1	24.4653
955	14047	2	21.8691
955	19920	3	20.5961
955	25503	4	20.5132
955	3953	5	19.9746
955	1574	6	19.7696
955	3432	7	19.0696
955	6861	8	19.0376
955	7552	9	18.7099
955	25557	10	18.5629
956	25293	1	27.0634
956	2212	2	24.4144
956	7170	3	23.8673
956	89	4	23.4629
956	17085	5	23.3654
956	1918	6	23.2007
956	13492	7	22.8742
956	5049	8	22.8196
956	18599	9	22.6867
956	25057	10	22.4366
957	24554	1	33.3884
957	3771	2	32.8034
957	20948	3	31.5398
957	23858	4	30.2376
957	13937	5	29.7823
957	15125	6	29.1649
957	2092	7	28.8982
957	22382	8	28.7702
957	25136	9	28.4781
957	10650	10	28.1731
958	1570	1	29.1526
958	12460	2	28.1966
958	757	3	27.835
958	10058	4	27.7873
958	6847	5	27.4525
958	22590	6	27.0666
958	1253	7	26.6008
958	15645	8	26.4493
958	21002	9	26.4118
958	18628	10	25.9796
959	5288	1	22.4822
959	14060	2	22.412
959	2075	3	22.2182
959	18855	4	22.0834
959	24620	5	21.9855
959	2073	6	21.6145
959	8635	7	21.5042
959	5139	8	21.4465
959	18151	9	21.4047
959	23875	10	21.1685
960	17420	1	26.0865
960	19687	2	23.925
960	23079	3	23.5505
960	14377	4	23.0418
960	20168	5	22.8566
960	18644	6	22.81
960	3091	7	22.7951
960	16460	8	22.5759
960	20938	9	22.3837
960	1350	10	22.3087
961	15162	1	31.0676
961	19986	2	29.7575
961	23558	3	28.952
961	21568	4	28.8952
961	16219	5	28.6877
961	24654	6	28.3232
961	5041	7	28.1619
961	6507	8	27.7286
961	8651	9	27.3578
961	3886	10	27.3469
962	18251	1	26.8963
962	5074	2	25.9441
962	5844	3	24.2213
962	5593	4	23.8328
962	1780	5	23.7375
962	25613	6	23.697
962	21459	7	23.6918
962	14019	8	23.4941
962	20368	9	23.1547
962	15997	10	23.1306
963	9515	1	30.2759
963	18185	2	29.8306
963	22786	3	29.807
963	3482	4	29.7119
963	9826	5	29.6143
963	7712	6	29.5152
963	11319	7	28.6998
963	13996	8	28.6782
963	20192	9	28.5226
963	8239	10	28.3779
964	1696	1	15.4312
964	5265	2	14.1179
964	4589	3	13.9193
964	12769	4	13.69
964	13234	5	12.91
964	4936	6	12.8191
964	24094	7	12.7777
964	12754	8	12.5644
964	15378	9	12.5019
964	509	10	12.4558
965	6918	1	26.454
965	18484	2	25.1922
965	16660	3	25.1173
965	9738	4	25.1013
965	16515	5	24.9686
965	10818	6	24.9367
965	955	7	24.7947
965	23570	8	24.6526
965	10789	9	24.6451
965	1804	10	24.4677
966	10788	1	23.2027
966	10335	2	22.5662
966	327	3	22.5608
966	20216	4	22.5279
966	852	5	22.504
966	18635	6	22.4397
966	21994	7	22.3082
966	6425	8	22.2214
966	22953	9	22.1345
966	18634	10	21.9902
967	1762	1	29.5486
967	24923	2	29.3696
967	6464	3	28.1314
967	6698	4	27.8513
967	21962	5	27.1102
967	12884	6	26.7137
967	12800	7	26.5432
967	23639	8	26.2023
967	22194	9	25.6135
967	949	10	25.3652
968	14138	1	29.8362
968	23982	2	28.0211
968	14300	3	27.1578
968	24766	4	25.7357
968	12138	5	25.3391
968	15713	6	24.4101
968	23345	7	23.7491
968	10325	8	23.6695
968	24301	9	23.5642
968	25552	10	23.4859
969	8572	1	33.5516
969	17921	2	32.7405
969	16752	3	32.6879
969	4378	4	32.0692
969	4515	5	31.9494
969	15771	6	31.8313
969	22216	7	31.7903
969	17135	8	31.2653
969	6038	9	30.9953
969	8422	10	30.9479
970	22211	1	28.6637
970	9733	2	27.004
970	18365	3	26.8349
970	24063	4	26.3955
970	10061	5	23.8832
970	21389	6	23.5191
970	14402	7	23.3884
970	13711	8	23.1092
970	18336	9	22.963
970	10508	10	22.792
971	7579	1	30.594
971	3190	2	28.0071
971	3455	3	27.0657
971	25006	4	26.7882
971	7325	5	26.6663
971	82	6	26.0929
971	22664	7	25.9698
971	2037	8	25.85
971	22219	9	25.3225
971	8959	10	25.2584
972	11036	1	28.241
972	17251	2	28.1845
972	6493	3	27.7149
972	1404	4	27.4123
972	20000	5	27.3187
972	819	6	27.3011
972	8388	7	27.0908
972	15472	8	27.0636
972	5956	9	27.0481
972	17528	10	26.9996
973	15510	1	37.2758
973	18399	2	33.6532
973	19100	3	29.9552
973	10177	4	28.9887
973	23272	5	27.164
973	25053	6	26.6257
973	15857	7	26.5211
973	19099	8	26.4961
973	13055	9	26.4077
973	9555	10	26.0685
974	22572	1	33.5494
974	25077	2	33.3112
974	9587	3	32.6714
974	7085	4	31.6989
974	11739	5	31.6623
974	7821	6	30.8916
974	14320	7	29.6297
974	20524	8	29.363
974	2890	9	29.0123
974	24721	10	27.8374
975	114	1	25.5736
975	18545	2	24.0553
975	23416	3	22.295
975	7116	4	22.2767
975	7353	5	22.1126
975	6787	6	22.0443
975	24957	7	22.0073
975	24450	8	22.0024
975	18377	9	21.7084
975	19667	10	21.6323
976	17269	1	28.6676
976	10019	2	26.8511
976	22955	3	25.0294
976	25121	4	24.6997
976	8742	5	24.2261
976	3043	6	23.8291
976	7271	7	23.6453
976	15428	8	23.3296
976	1254	9	22.8007
976	9860	10	22.7528
977	14055	1	23.3096
977	2593	2	23.1509
977	18035	3	23.1299
977	2359	4	22.4094
977	7232	5	22.0946
977	3475	6	21.2797
977	9227	7	21.0594
977	3438	8	20.8533
977	7351	9	20.8352
977	19310	10	20.6642
978	2487	1	31.3223
978	13123	2	30.6183
978	19188	3	29.2295
978	13197	4	29.0196
978	8672	5	28.9234
978	13947	6	28.6943
978	8353	7	28.5698
978	9239	8	28.1856
978	23577	9	27.9767
978	13497	10	27.776
979	12136	1	39.9677
979	11326	2	38.6044
979	19760	3	37.8193
979	25184	4	37.1405
979	21455	5	35.5573
979	23616	6	35.2967
979	12385	7	33.5638
979	17588	8	33.2951
979	17171	9	32.9498
979	4390	10	32.4634
980	13629	1	34.525
980	5812	2	32.8134
980	22044	3	31.3314
980	25207	4	29.8821
980	23907	5	28.904
980	9975	6	28.733
980	12578	7	27.9405
980	11178	8	27.8408
980	15701	9	27.3526
980	22411	10	27.3338
981	4675	1	16.2989
981	3078	2	14.8068
981	11896	3	14.4054
981	3246	4	14.3816
981	11573	5	14.0818
981	19782	6	14.0778
981	4235	7	13.9727
981	23655	8	13.7816
981	10086	9	13.6815
981	7605	10	13.6386
982	22914	1	29.0661
982	8141	2	27.7282
982	10250	3	27.7101
982	5775	4	25.7863
982	6390	5	25.3834
982	25254	6	25.0187
982	2808	7	25.0061
982	15871	8	24.7269
982	22940	9	24.7121
982	24747	10	24.699
983	15707	1	27.9749
983	203	2	26.8524
983	12590	3	25.6089
983	776	4	24.7928
983	7521	5	24.7658
983	193	6	24.6219
983	3568	7	24.0317
983	5077	8	23.9052
983	16159	9	23.7811
983	10978	10	23.7402
984	15810	1	23.9227
984	12628	2	23.9034
984	17571	3	23.5035
984	25299	4	23.0377
984	17508	5	22.5151
984	648	6	22.4121
984	121	7	22.2295
984	21378	8	22.1286
984	23653	9	21.5127
984	6879	10	21.3151
985	20889	1	28.9184
985	5031	2	24.1301
985	21742	3	24.0211
985	2831	4	23.9793
985	7099	5	22.795
985	1073	6	22.5952
985	15996	7	22.0494
985	5687	8	21.9596
985	24192	9	21.9008
985	15174	10	21.8881
986	3424	1	30.5963
986	25342	2	29.756
986	8683	3	29.018
986	21876	4	27.343
986	6694	5	26.4274
986	23550	6	25.5598
986	14854	7	25.1447
986	15477	8	25.1408
986	635	9	24.8744
986	16499	10	24.8677
987	1112	1	32.9871
987	24060	2	32.0088
987	19882	3	31.6513
987	12986	4	30.6712
987	4583	5	30.0397
987	5733	6	29.7196
987	12862	7	29.5414
987	12322	8	29.4647
987	24371	9	29.2707
987	8607	10	28.9483
988	11359	1	25.1029
988	24534	2	25.0291
988	16464	3	24.6759
988	24529	4	24.5251
988	12523	5	24.4933
988	13461	6	24.4614
988	7943	7	24.3202
988	22020	8	24.273
988	11927	9	23.8761
988	23516	10	23.4654
989	16473	1	34.446
989	5160	2	32.9212
989	3347	3	30.1847
989	23183	4	29.911
989	9437	5	29.897
989	24874	6	29.6054
989	594	7	29.4763
989	6844	8	29.2738
989	5162	9	29.0815
989	14292	10	28.3865
990	3195	1	27.4135
990	1947	2	26.7896
990	9904	3	26.5866
990	7793	4	25.8271
990	12268	5	25.7379
990	2242	6	25.5368
990	25106	7	24.9214
990	617	8	24.9031
990	4061	9	24.8798
990	3973	10	24.8069
991	1560	1	29.5198
991	14063	2	28.053
991	11327	3	27.5894
991	25452	4	26.8487
991	4426	5	25.7468
991	2806	6	25.4424
991	25454	7	25.4381
991	19963	8	25.0579
991	15715	9	24.9483
991	23121	10	24.6987
992	24998	1	32.2035
992	15765	2	31.7181
992	10490	3	29.9968
992	4912	4	29.4352
992	25293	5	29.384
992	12226	6	28.8052
992	8257	7	28.7254
992	14821	8	28.712
992	12510	9	28.4689
992	11854	10	28.4078
993	23293	1	25.2129
993	25150	2	24.6684
993	17526	3	24.5834
993	4583	4	23.1761
993	7074	5	23.1306
993	25118	6	23.1235
993	18356	7	23.0503
993	14136	8	22.9907
993	663	9	22.6014
993	19312	10	22.5132
994	25520	1	36.4344
994	4623	2	31.0892
994	19139	3	26.703
994	14516	4	25.2503
994	17429	5	24.9057
994	15085	6	24.3643
994	1508	7	23.8878
994	12510	8	23.8629
994	1497	9	23.838
994	22613	10	23.824
995	19969	1	22.6883
995	19218	2	21.2684
995	18259	3	17.4543
995	22507	4	17.2914
995	10602	5	17.225
995	15318	6	17.1647
995	13776	7	17.0874
995	19444	8	17.0273
995	8137	9	16.876
995	14428	10	16.7753
996	11963	1	26.1136
996	12658	2	25.5032
996	16857	3	25.047
996	15444	4	24.0667
996	17781	5	23.9828
996	10440	6	23.5957
996	5854	7	22.8954
996	20848	8	22.8402
996	16667	9	22.3667
996	2849	10	22.2894
997	16284	1	28.2309
997	24029	2	28.2229
997	21000	3	28.0676
997	25447	4	28.0406
997	11061	5	27.9084
997	11987	6	27.5619
997	13708	7	27.2783
997	6010	8	26.9862
997	8162	9	26.9758
997	6797	10	26.8982
998	23482	1	38.1011
998	19442	2	32.5719
998	21040	3	31.6982
998	24946	4	31.4939
998	20020	5	31.4181
998	4135	6	31.3767
998	9772	7	31.084
998	22048	8	31.0498
998	16536	9	31.011
998	3502	10	30.9321
999	15105	1	28.2188
999	22360	2	27.5131
999	21082	3	27.1817
999	8225	4	26.9102
999	23252	5	26.3467
999	24553	6	26.346
999	7459	7	26.312
999	23160	8	25.8301
999	17586	9	25.1953
999	8277	10	24.8062
